,dataset,start_age,end_age,sex,tissue,subtissue,cell_ontology_class,gene,fold_change_log2,expression_at_start_age,expression_at_end_age,expression_max_std_dev,p_value
0,droplet,18m,21m,female,Spleen,nan,B cell,Anxa8,8.599723815917969,1.2191210885248438e-07,4.729608554043807e-05,0.00019813036487903446,8.346605426527723e-46
1,droplet,18m,21m,female,Pancreas,Endocrine,pancreatic B cell,Crispld2,8.004073143005371,1.0560236063383854e-07,2.7110885639558546e-05,9.463089372729883e-05,2.6544645713418746e-11
2,droplet,18m,21m,female,Pancreas,Endocrine,pancreatic B cell,Cldn8,6.901876449584961,3.6124049529462354e-07,4.3198579078307375e-05,0.0001182992709800601,4.527105332218205e-21
3,droplet,18m,21m,female,Marrow,nan,proerythroblast,Asprv1,6.141269683837891,2.312887318112189e-06,0.00016325294564012438,0.0004335230332799256,9.170831984258874e-19
4,droplet,18m,21m,female,Lung,nan,basophil,Dtx3,-5.999005317687988,0.00026497917133383453,4.14315445596003e-06,5.7270364777650684e-05,8.116748219477797e-10
5,droplet,18m,21m,female,Thymus,nan,professional antigen presenting cell,Ptpn22,5.990101337432861,8.583698445363552e-07,5.456010694615543e-05,0.00010237951937597245,5.057058196720265e-07
6,droplet,18m,21m,female,Spleen,nan,B cell,Apobec2,5.500399112701416,6.779928867217677e-07,3.069098966079764e-05,0.00011193267710041255,1.5382216728595198e-47
7,droplet,18m,21m,female,Lung,nan,dendritic cell,Hist1h2ae,-5.445942401885986,0.0007150193559937179,1.6403093468397856e-05,4.4753673137165606e-05,4.456040832541469e-131
8,droplet,18m,21m,female,Marrow,nan,proerythroblast,Thbs1,5.4237236976623535,6.335530088108499e-06,0.000271948374575004,0.00041312375105917454,1.590116666668731e-54
9,droplet,18m,21m,female,Lung,nan,basophil,Atp8b5,-5.363681793212891,0.00026497917133383453,6.435503564716782e-06,5.7270364777650684e-05,2.6011221830332965e-09
10,droplet,18m,21m,female,Fat,Scat,myeloid cell,Ccl11,5.333312511444092,2.3962925297382753e-06,9.661111107561737e-05,0.00013940324424766004,1.7072848495730713e-11
11,droplet,18m,21m,female,Marrow,nan,granulocyte,Cxcl2,5.023453712463379,1.7202997923959629e-06,5.595187030849047e-05,0.00016615662025287747,3.3679202968229014e-28
12,droplet,18m,21m,female,Pancreas,Endocrine,pancreatic D cell,Try5,4.869741916656494,1.5122966942726634e-05,0.00044215586967766285,0.0006371661438606679,8.772040428829875e-06
13,droplet,18m,21m,female,Pancreas,Endocrine,pancreatic ductal cel,Try4,4.869554042816162,1.0632415978761856e-05,0.000310823495965451,4.886306487605907e-05,1.3848340012558512e-25
14,droplet,18m,21m,female,Spleen,nan,B cell,Upk1a,4.816063404083252,1.7486478327555233e-06,4.9258607759838924e-05,0.0001344506163150072,1.1715599958987829e-91
15,droplet,18m,21m,female,Liver,Npc,NK cell,Cd5l,-4.7218546867370605,0.00022358827118296176,8.472839908790775e-06,0.0002897452504839748,5.049429420363587e-09
16,droplet,18m,21m,female,Marrow,nan,proerythroblast,Osm,4.54681921005249,1.0734358511399478e-05,0.0002509025507606566,0.0003577695752028376,9.891399200258547e-52
17,droplet,18m,21m,female,Lung,nan,plasma cell,Pdpk1,-4.534041881561279,9.430640056962147e-05,4.070600425620796e-06,1.5765370335429907e-05,1.346224348702049e-22
18,droplet,18m,21m,female,Lung,nan,dendritic cell,Suz12,-4.481259346008301,0.00012152735871495679,5.441022040031385e-06,1.538953438284807e-05,3.8934978018035143e-31
19,droplet,18m,21m,female,Lung,nan,NK cell,Sftpa1,4.475452423095703,3.565825181794935e-06,7.932419248390943e-05,0.00015146021905820817,2.1509857557660416e-07
20,droplet,18m,21m,female,Lung,nan,basophil,Scgb1a1,4.4207658767700195,6.989585381234065e-05,0.0014970438787713647,0.0008272898267023265,6.605647642439091e-21
21,droplet,18m,21m,female,Liver,Npc,endothelial cell of hepatic sinusoid,Laptm5,-4.416284084320068,0.0006450932705774903,3.0212633646442555e-05,0.00036973520764149725,1.428955974451664e-10
22,droplet,18m,21m,female,Lung,nan,bronchial smooth muscle cell,Cxcl15,4.415857315063477,1.3086264516459778e-06,2.7933248929912224e-05,9.361302363686264e-05,2.846954493171211e-06
23,droplet,18m,21m,female,Lung,nan,plasma cell,Sms,-4.410094261169434,0.00013667689927387983,6.4287182794942055e-06,2.489832513674628e-05,1.74324721358806e-14
24,droplet,18m,21m,female,Pancreas,Endocrine,pancreatic PP cell,Try5,4.38181734085083,7.626317255926551e-06,0.00015899132995400578,8.758640615269542e-05,2.452322827920264e-13
25,droplet,18m,21m,female,Liver,Npc,Kupffer cell,Lrp6,-4.376237392425537,6.778706301702186e-05,3.264133738412056e-06,0.00013008843234274536,1.8169405563978328e-06
26,droplet,18m,21m,female,Marrow,nan,proerythroblast,Stfa2l1,4.35549783706665,2.880917782022152e-05,0.0005897479713894427,0.0014795477036386728,8.055016239807311e-18
27,droplet,18m,21m,female,Liver,Npc,Kupffer cell,Tpd52l2,-4.326355457305908,6.548334931721911e-05,3.264133738412056e-06,0.00011529531911946833,6.456862677762643e-08
28,droplet,18m,21m,female,Pancreas,Endocrine,pancreatic B cell,Fmo1,4.309858322143555,1.1325783816573676e-05,0.00022462854394689202,0.00027822182164527476,1.00251163920823e-108
29,droplet,18m,21m,female,Marrow,nan,proerythroblast,Ifitm1,4.304876804351807,2.236445106973406e-05,0.00044203363358974457,0.0012048727367073298,4.0662807895456966e-14
30,droplet,18m,21m,female,Fat,Scat,myeloid cell,Col6a2,4.299943447113037,7.004060535109602e-06,0.00013796276471111923,0.0001745351473800838,1.5957127453452324e-14
31,droplet,18m,21m,female,Marrow,nan,granulocytopoietic cell,Fosb,4.29323673248291,1.1421591352700489e-06,2.2393398467102088e-05,8.298888133140281e-05,2.0665176937405615e-07
32,droplet,18m,21m,female,Liver,Npc,Kupffer cell,Beta-s,-4.293054580688477,0.00015638928744010627,7.97753546066815e-06,0.00017297522572334856,3.5999830621668327e-20
33,droplet,18m,21m,female,Marrow,nan,granulocyte,Fosb,4.221465110778809,1.1831551773866522e-06,2.2071386410971172e-05,7.311763329198584e-05,1.0920392772154194e-14
34,droplet,18m,21m,female,Marrow,nan,proerythroblast,Il1b,4.216428756713867,2.297116407135036e-05,0.0004270261852070689,0.001050657476298511,3.9860591095197634e-17
35,droplet,18m,21m,female,Kidney,nan,kidney proximal convoluted tubule epithelial cell,Rab7,-4.190356731414795,1.1987740435870364e-05,6.566191927959153e-07,4.254235318512656e-05,3.540867377673942e-06
36,droplet,18m,21m,female,Liver,Hepatocytes,hepatocyte,Cyp2c54,-4.173552513122559,0.0002484648721292615,1.3768938515568152e-05,0.0003021287266165018,4.6346837342839824e-28
37,droplet,18m,21m,female,Fat,Scat,mesenchymal stem cell of adipose,Rpl26,4.173449516296387,2.66448864749691e-06,4.807812729268335e-05,8.194715337594971e-05,1.054385281161578e-11
38,droplet,18m,21m,female,Pancreas,Endocrine,pancreatic A cell,Try5,4.151744365692139,2.3534184947493486e-05,0.0004183105193078518,0.0006076421122997999,6.71274717628594e-06
39,droplet,18m,21m,female,Lung,nan,non-classical monocyte,Sftpa1,4.144687175750732,5.308313575369539e-06,9.389269689563662e-05,0.00015583098866045475,4.383512132063344e-09
40,droplet,18m,21m,female,Pancreas,Endocrine,pancreatic B cell,Try5,4.086167335510254,2.945821688626893e-05,0.000500340189319104,0.0006164400838315487,1.6039390737746426e-106
41,droplet,18m,21m,female,Pancreas,Endocrine,pancreatic B cell,Matn2,4.071058750152588,1.2672003322222736e-05,0.00021298845240380615,0.0002704678336158395,1.3198455943973798e-101
42,droplet,18m,21m,female,Marrow,nan,proerythroblast,Lsm10,4.062795639038086,3.3480646379757673e-06,5.5952226830413565e-05,0.00011887211439898238,3.0721430204936003e-16
43,droplet,18m,21m,female,Lung,nan,pulmonary interstitial fibroblast,Gna11,-3.9724559783935547,0.0003648867132142186,2.324500383110717e-05,7.709281635470688e-05,8.185363110205444e-07
44,droplet,18m,21m,female,Fat,Scat,mesenchymal stem cell of adipose,Ltc4s,3.957571268081665,3.383783041499555e-05,0.0005257147713564336,0.0009658102644607425,1.3833849139440447e-09
45,droplet,18m,21m,female,Fat,Scat,myeloid cell,Postn,3.9518232345581055,5.908004368393449e-06,9.142357885139063e-05,0.0001397404121235013,9.367491581645252e-08
46,droplet,18m,21m,female,Pancreas,Endocrine,endothelial cell,Rn45s,-3.9384260177612305,0.01244363933801651,0.0008116393000818789,0.0065581053495407104,5.105268532398153e-06
47,droplet,18m,21m,female,Marrow,nan,proerythroblast,Slc7a11,3.9342057704925537,1.5133172382775228e-05,0.00023133636568672955,0.0003036478301510215,6.446508308316838e-26
48,droplet,18m,21m,female,Lung,nan,vein endothelial cell,Scgb1a1,3.9238781929016113,8.374305616598576e-05,0.0012710242299363017,0.0007083643577061594,3.690112896054681e-55
49,droplet,18m,21m,female,Fat,Scat,endothelial cell,Ndufs5,3.911539077758789,6.4002801991591696e-06,9.631404827814549e-05,0.0001365126227028668,1.1794678757547074e-12
50,droplet,18m,21m,female,Thymus,nan,professional antigen presenting cell,C130026I21Rik,3.898618698120117,1.6360612789867446e-05,0.00024400615075137466,0.0004428520333021879,5.57011025010536e-06
51,droplet,18m,21m,female,Marrow,nan,proerythroblast,Fos,3.893281936645508,7.053690205793828e-05,0.0010481200879439712,0.0008732801070436835,5.622904681368874e-124
52,droplet,18m,21m,female,Lung,nan,basophil,3110009E18Rik,-3.879732847213745,0.000334875046974048,2.274923463119194e-05,7.534967153333127e-05,1.1518982202758795e-07
53,droplet,18m,21m,female,Marrow,nan,proerythroblast,Mov10,3.8653736114501953,3.3480646379757673e-06,4.879635525867343e-05,0.00012041652371408418,5.222145532178219e-11
54,droplet,18m,21m,female,Lung,nan,neutrophil,Scgb1a1,3.8429644107818604,0.00011840501247206703,0.0016990948934108019,0.000871898781042546,1.3344433927740947e-15
55,droplet,18m,21m,female,Spleen,nan,B cell,Klk1b27,3.825202226638794,1.4675089232696337e-06,2.0800875063287094e-05,8.00666311988607e-05,9.534435286285794e-29
56,droplet,18m,21m,female,Liver,Hepatocytes,hepatocyte,Mt2,-3.8204712867736816,0.0008978084078989923,6.354878132697195e-05,0.0012119587045162916,2.613186333653217e-21
57,droplet,18m,21m,female,Lung,nan,plasma cell,Entpd5,-3.8071577548980713,9.430640056962147e-05,6.7370915530773345e-06,2.6092644475284033e-05,4.4148885875280345e-14
58,droplet,18m,21m,female,Fat,Scat,myeloid cell,Tnfaip6,3.7860913276672363,5.00415717397118e-06,6.903320900164545e-05,0.00011048051965190098,1.1137493454118966e-06
59,droplet,18m,21m,female,Fat,Scat,endothelial cell,Rpl30,3.7697722911834717,9.544866770738736e-06,0.00013019204197917134,0.00014066444418858737,7.166662222439683e-24
60,droplet,18m,21m,female,Liver,Npc,Kupffer cell,Igj,-3.7578611373901367,7.763120083836839e-05,5.738617346651154e-06,0.00012379181862343103,2.8464407660921537e-07
61,droplet,18m,21m,female,Lung,nan,smooth muscle cell of the pulmonary artery,Scgb1a1,3.7552006244659424,7.962942618178204e-05,0.0010752305388450623,0.0006694137118756771,3.851909175822243e-07
62,droplet,18m,21m,female,Lung,nan,alveolar macrophage,Scgb1a1,3.7108137607574463,0.00013702359865419567,0.0017941618571057916,0.000869846495334059,5.667642802839843e-65
63,droplet,18m,21m,female,Liver,Npc,Kupffer cell,Gna13,-3.690702438354492,8.069969771895558e-05,6.2497074395651e-06,0.0001353522966383025,5.281739559604813e-08
64,droplet,18m,21m,female,Lung,nan,bronchial smooth muscle cell,Sec14l3,3.6738696098327637,4.0320996959053446e-06,5.146077091922052e-05,0.0001791852555470541,9.878143320165685e-06
65,droplet,18m,21m,female,Marrow,nan,proerythroblast,Srgn,3.664029598236084,8.664965571369976e-05,0.001098372507840395,0.0010101983789354563,2.679776238920292e-94
66,droplet,18m,21m,female,Lung,nan,dendritic cell,Aurkb,-3.661823272705078,0.000153745713760145,1.2147427696618252e-05,3.18642269121483e-05,1.7834211135091228e-07
67,droplet,18m,21m,female,Fat,Scat,myeloid cell,Rpl30,3.6608519554138184,9.662538104748819e-06,0.00012221303768455982,0.00013731973012909293,2.56703991826377e-17
68,droplet,18m,21m,female,Fat,Scat,myeloid cell,Clec3b,3.653197765350342,1.1788827578129712e-05,0.00014831761654932052,0.00017287091759499162,2.1985983939535066e-16
69,droplet,18m,21m,female,Fat,Scat,T cell,Rpl30,3.649463653564453,1.9410965251154266e-05,0.000243581976974383,0.0002240205358248204,2.349512982434332e-12
70,droplet,18m,21m,female,Pancreas,Endocrine,endothelial cell,Clps,3.6337153911590576,5.3811061661690474e-05,0.0006679267971776426,0.0003940382448490709,8.829106855124482e-07
71,droplet,18m,21m,female,Spleen,nan,B cell,Srp54b,-3.6260361671447754,9.149478501058184e-06,7.410544640151784e-07,4.714518217951991e-05,1.434501420218029e-06
72,droplet,18m,21m,female,Marrow,nan,proerythroblast,Mcpt8,3.6133193969726562,3.988513071817579e-06,4.8812224122229964e-05,0.00010603173723211512,1.7841889278443688e-10
73,droplet,18m,21m,female,Pancreas,Endocrine,leukocyte,Try5,3.610506772994995,3.4874734410550445e-05,0.0004259726847521961,0.00044827049714513123,1.2096792500126199e-06
74,droplet,18m,21m,female,Spleen,nan,B cell,4632427E13Rik,-3.6014838218688965,1.2019872883684002e-05,9.902499868985615e-07,5.627016435028054e-05,1.2475722676801173e-11
75,droplet,18m,21m,female,Fat,Scat,myeloid cell,Car4,3.598442554473877,6.619336090807337e-06,8.017770596779883e-05,0.00011744937364710495,1.508489927216299e-08
76,droplet,18m,21m,female,Pancreas,Endocrine,pancreatic B cell,Neb,3.5852408409118652,3.6558158171828836e-06,4.387826265883632e-05,0.00010990224836859852,4.549423073296242e-20
77,droplet,18m,21m,female,Fat,Scat,mesenchymal stem cell of adipose,Ndufs5,3.5715014934539795,5.315364887792384e-06,6.319201929727569e-05,9.922405297402292e-05,2.982169829298785e-13
78,droplet,18m,21m,female,Marrow,nan,proerythroblast,Arg2,3.5693066120147705,1.2958046681887936e-05,0.00015381826960947365,0.000220705900574103,2.723986328310003e-26
79,droplet,18m,21m,female,Kidney,nan,kidney proximal convoluted tubule epithelial cell,Fabp4,3.568310022354126,2.2795113636675524e-06,2.7040221539209597e-05,6.539850437548012e-05,1.6663550952291784e-17
80,droplet,18m,21m,female,Lung,nan,dendritic cell,Ppp2r3c,-3.5546648502349854,6.393538933480158e-05,5.441022040031385e-06,1.538953438284807e-05,9.153229940546084e-09
81,droplet,18m,21m,female,Fat,Scat,T cell,Col3a1,3.553589105606079,1.829279790399596e-05,0.00021479149290826172,0.00024187867529690266,1.0996027893343247e-07
82,droplet,18m,21m,female,Fat,Scat,myeloid cell,Rpl26,3.546546459197998,5.592734851234127e-06,6.534933345392346e-05,0.00010069643758470193,3.688456355960569e-06
83,droplet,18m,21m,female,Marrow,nan,proerythroblast,Sirpb1b,3.5439913272857666,7.566586191387614e-06,8.825670374790207e-05,0.00016891572158783674,1.613440769471763e-11
84,droplet,18m,21m,female,Lung,nan,dendritic cell,Ncaph,-3.533600091934204,6.393538933480158e-05,5.521049388335086e-06,1.5615887605235912e-05,1.4124996231008832e-08
85,droplet,18m,21m,female,Lung,nan,dendritic cell,Cdc25a,-3.533600091934204,6.393538933480158e-05,5.521049388335086e-06,1.5615887605235912e-05,1.4124996231008832e-08
86,droplet,18m,21m,female,Marrow,nan,proerythroblast,Gm10872,3.5058059692382812,1.5256764527293853e-05,0.00017330663104075938,0.00024062528973445296,2.161120236420764e-25
87,droplet,18m,21m,female,Lung,nan,dendritic cell,Rangap1,-3.505652666091919,0.00016410618263762444,1.4448351066675968e-05,3.3787364372983575e-05,5.142631421181355e-07
88,droplet,18m,21m,female,Spleen,nan,B cell,Hoxa7,3.4930338859558105,1.2051226576659246e-06,1.3568741451308597e-05,6.413111259462312e-05,2.0707681620355116e-13
89,droplet,18m,21m,female,Lung,nan,pulmonary interstitial fibroblast,Ubap2l,-3.4839863777160645,0.0002865843125618994,2.5613442630856298e-05,7.24457495380193e-05,4.202977908764407e-09
90,droplet,18m,21m,female,Marrow,nan,proerythroblast,Cytip,3.466114044189453,1.2437089935701806e-05,0.0001374431449221447,0.00020238719298504293,2.0316319617929335e-22
91,droplet,18m,21m,female,Fat,Scat,mesenchymal stem cell of adipose,Col6a5,3.465552806854248,3.480088707874529e-05,0.0003844374732580036,0.0007099700160324574,8.454623901620315e-08
92,droplet,18m,21m,female,Lung,nan,regulatory T cell,Scgb1a1,3.4574832916259766,0.0001242497528437525,0.0013649027096107602,0.0008009611628949642,1.1076305071175944e-06
93,droplet,18m,21m,female,Lung,nan,basophil,Tpm4,3.443141460418701,4.022849680040963e-05,0.00043754494981840253,0.0003248077118769288,1.1074318095127953e-06
94,droplet,18m,21m,female,Mammary_Gland,nan,luminal epithelial cell of mammary gland,1810010D01Rik,-3.4428467750549316,5.596416303887963e-05,5.146473995409906e-06,0.00022935692686587572,3.0688477141359766e-06
95,droplet,18m,21m,female,Fat,Scat,mesenchymal stem cell of adipose,Tdo2,3.4380462169647217,9.586094165570103e-06,0.00010389550880063325,0.0002206980570917949,8.269682871045266e-06
96,droplet,18m,21m,female,Pancreas,Endocrine,pancreatic B cell,Spink3,3.4210681915283203,7.2553598329250235e-06,7.771469972794876e-05,0.00016616578795947134,7.229232568285297e-29
97,droplet,18m,21m,female,Marrow,nan,proerythroblast,Jun,3.417496681213379,1.5154367247305345e-05,0.00016192237671930343,0.00032162954448722303,2.0146888927426816e-18
98,droplet,18m,21m,female,Marrow,nan,proerythroblast,Ets2,3.411993980407715,3.9450842450605705e-06,4.199222894385457e-05,0.00011620354780461639,8.553806374107672e-06
99,droplet,18m,21m,female,Kidney,nan,kidney cortex artery cell,Rn45s,-3.4046664237976074,0.013681644573807716,0.0012919079745188355,0.011219058185815811,1.0337106226233777e-09
100,droplet,18m,21m,female,Lung,nan,dendritic cell,Iars,-3.4039180278778076,5.759198029409163e-05,5.441022040031385e-06,1.538953438284807e-05,6.1542415071405e-13
101,droplet,18m,21m,female,Lung,nan,dendritic cell,Nubp2,-3.4039180278778076,5.759198029409163e-05,5.441022040031385e-06,1.538953438284807e-05,6.1542415071405e-13
102,droplet,18m,21m,female,Lung,nan,dendritic cell,Kcmf1,-3.4039180278778076,5.759198029409163e-05,5.441022040031385e-06,1.538953438284807e-05,6.1542415071405e-13
103,droplet,18m,21m,female,Lung,nan,dendritic cell,Exosc3,-3.4039180278778076,5.759198029409163e-05,5.441022040031385e-06,1.538953438284807e-05,6.1542415071405e-13
104,droplet,18m,21m,female,Pancreas,Endocrine,pancreatic B cell,Igfbp5,3.392449378967285,5.651591436617309e-06,5.9347144997445866e-05,0.00015423144213855267,3.502247086515015e-18
105,droplet,18m,21m,female,Marrow,nan,proerythroblast,Cxcl2,3.3895316123962402,5.196495840209536e-05,0.000544579466804862,0.0009239415521733463,6.317188038285174e-23
106,droplet,18m,21m,female,Lung,nan,dendritic cell,Tubg1,-3.3847603797912598,0.0001260457356693223,1.206740034831455e-05,2.441555079712998e-05,1.702571444264506e-07
107,droplet,18m,21m,female,Lung,nan,dendritic cell,Ppil1,-3.3828535079956055,0.00011518396058818325,1.1042098776670173e-05,3.1231775210471824e-05,7.129681753446395e-13
108,droplet,18m,21m,female,Lung,nan,dendritic cell,Phf6,-3.3828532695770264,5.759198029409163e-05,5.521049388335086e-06,1.5615887605235912e-05,1.5373269783567086e-12
109,droplet,18m,21m,female,Lung,nan,fibroblast of lung,Rn45s,-3.380420684814453,0.006202682387083769,0.0005956230452284217,0.006936501245945692,1.0737566603744337e-07
110,droplet,18m,21m,female,Marrow,nan,proerythroblast,Niacr1,3.3781237602233887,1.0322930393158458e-05,0.00010732962982729077,0.00021309829025994986,3.244065298303946e-14
111,droplet,18m,21m,female,Spleen,nan,B cell,Itgax,3.3640286922454834,4.028140665468527e-06,4.1474224417470396e-05,0.0001406898518325761,8.439502655742035e-49
112,droplet,18m,21m,female,Pancreas,Endocrine,pancreatic B cell,Cpa2,3.3586435317993164,9.406605386175215e-06,9.649067942518741e-05,0.00019971231813542545,2.850678099987591e-24
113,droplet,18m,21m,female,Lung,nan,plasma cell,Ino80b,-3.354494571685791,9.430640056962147e-05,9.220142601407133e-06,2.458434937580023e-05,5.585904918016833e-14
114,droplet,18m,21m,female,Marrow,nan,granulocytopoietic cell,A430084P05Rik,3.3457295894622803,2.737889417403494e-06,2.7834343200083822e-05,0.00010813687549671158,8.110474658626735e-06
115,droplet,18m,21m,female,Pancreas,Endocrine,pancreatic B cell,Gp2,3.3399534225463867,2.084905190713471e-06,2.1111187379574403e-05,7.729310891591012e-05,4.6689385682905344e-06
116,droplet,18m,21m,female,Lung,nan,ciliated columnar cell of tracheobronchial tree,Zranb2,-3.301063060760498,0.0003061759052798152,3.1063616916071624e-05,5.380376387620345e-05,4.9010498021787205e-15
117,droplet,18m,21m,female,Pancreas,Endocrine,pancreatic D cell,Cela2a,3.2939891815185547,0.0001496940094511956,0.0014682296896353364,0.0019090613350272179,2.3833597477990774e-06
118,droplet,18m,21m,female,Lung,nan,non-classical monocyte,Rn45s,-3.292619228363037,0.004680160898715258,0.0004776212736032903,0.006304382346570492,1.9950405653232066e-06
119,droplet,18m,21m,female,Lung,nan,fibroblast of lung,Scgb1a1,3.287055253982544,0.00011392027226975188,0.001111996010877192,0.0006546397344209254,1.6696314522531471e-43
120,droplet,18m,21m,female,Spleen,nan,B cell,S1pr5,3.281841516494751,1.5301350231311517e-06,1.48820490721846e-05,6.933249824214727e-05,1.8681845016352504e-14
121,droplet,18m,21m,female,Liver,Npc,NK cell,Alb,3.2816762924194336,0.00041895004687830806,0.004074227064847946,0.001080184942111373,1.414316060589457e-47
122,droplet,18m,21m,female,Pancreas,Endocrine,pancreatic PP cell,Prss2,3.246997117996216,3.843899685307406e-05,0.00036493505467660725,0.00015497738786507398,4.9642933021640884e-21
123,droplet,18m,21m,female,Fat,Scat,endothelial cell,Mfap5,3.23822021484375,7.41756048228126e-06,6.999428296694532e-05,0.0001228207111125812,4.18026550871321e-06
124,droplet,18m,21m,female,Lung,nan,plasma cell,Ppm1b,-3.2223262786865234,0.00010906480019912124,1.1686050129355863e-05,3.250345616834238e-05,1.7883083134801655e-06
125,droplet,18m,21m,female,Spleen,nan,mature NK T cell,Ngp,3.2153263092041016,4.126233761780895e-06,3.8323356420733035e-05,9.028174099512398e-05,1.8885410068144993e-09
126,droplet,18m,21m,female,Lung,nan,basophil,Osm,3.209608554840088,0.0006290627061389387,0.005819456186145544,0.003907781559973955,2.4380283448012403e-06
127,droplet,18m,21m,female,Kidney,nan,fenestrated cell,Rn45s,-3.198033094406128,0.008724667131900787,0.0009507032809779048,0.008060142397880554,5.251561748466089e-10
128,droplet,18m,21m,female,Fat,Scat,mesenchymal stem cell of adipose,Rpl30,3.1942176818847656,1.7682879843050614e-05,0.00016184838023036718,0.00016437792510259897,9.331532434587744e-34
129,droplet,18m,21m,female,Marrow,nan,monocyte,Cxcl2,3.1920058727264404,7.149661996663781e-06,6.533939449582249e-05,0.00016313105879817158,7.610807862373278e-06
130,droplet,18m,21m,female,Lung,nan,bronchial smooth muscle cell,Rn45s,-3.1912753582000732,0.006592531688511372,0.0007217430393211544,0.007936366833746433,5.7044179946615585e-25
131,droplet,18m,21m,female,Marrow,nan,granulocytopoietic cell,Cxcr5,3.186868906021118,3.2719688078941545e-06,2.9795619411743246e-05,0.00010914258746197447,1.3704213493611654e-06
132,droplet,18m,21m,female,Pancreas,Endocrine,pancreatic D cell,Try4,3.1494758129119873,7.739427383057773e-05,0.0006867449847050011,0.0007086654659360647,2.2402621210300114e-11
133,droplet,18m,21m,female,Fat,Scat,myeloid cell,Col3a1,3.1470754146575928,2.412476169411093e-05,0.0002137111296178773,0.0001995828642975539,1.9389084715107886e-24
134,droplet,18m,21m,female,Pancreas,Endocrine,pancreatic D cell,Prss2,3.1349637508392334,9.982919436879456e-05,0.0008769516716711223,0.0009181473287753761,7.048412673833121e-11
135,droplet,18m,21m,female,Lung,nan,bronchial smooth muscle cell,Scgb1a1,3.131819486618042,0.00015582122432533652,0.0013658349635079503,0.001413596561178565,2.1917187468438536e-96
136,droplet,18m,21m,female,Spleen,nan,B cell,Il2rb,3.1218574047088623,2.7440887606644537e-06,2.388751454418525e-05,8.250150858657435e-05,1.027815950769559e-32
137,droplet,18m,21m,female,Marrow,nan,naive B cell,Fos,3.114793300628662,9.329675958724692e-05,0.0008081887499429286,0.0008843992836773396,1.7006360786054638e-08
138,droplet,18m,21m,female,Pancreas,Endocrine,leukocyte,Rnase1,3.1142802238464355,3.209682472515851e-05,0.00027794178458862007,0.0002848067379090935,2.1932289292369064e-07
139,droplet,18m,21m,female,Spleen,nan,B cell,Retnlg,3.1112215518951416,1.1242950677115005e-06,9.715197847981472e-06,5.135658284416422e-05,3.389980719794162e-06
140,droplet,18m,21m,female,Marrow,nan,granulocyte,Niacr1,3.0998926162719727,2.0305033103795722e-06,1.74086289916886e-05,6.655347533524036e-05,6.671673819932673e-07
141,droplet,18m,21m,female,Pancreas,Endocrine,pancreatic A cell,Reg1,3.0995218753814697,2.1264244423946366e-05,0.0001822632475523278,0.00022752581571694463,4.204787204951743e-07
142,droplet,18m,21m,female,Liver,Npc,NK cell,Ttr,3.0970375537872314,0.0001713110104901716,0.0014658396830782294,0.0005492148920893669,3.0466800586800667e-21
143,droplet,18m,21m,female,Liver,Npc,endothelial cell of hepatic sinusoid,Alb,3.077446699142456,0.0005491383490152657,0.004635381978005171,0.0013509659329429269,5.894963924599968e-18
144,droplet,18m,21m,female,Fat,Scat,myeloid cell,Cav1,3.0755560398101807,8.552882718504407e-06,7.210197509266436e-05,0.00010899531480390579,8.333269518231786e-07
145,droplet,18m,21m,female,Kidney,nan,kidney distal convoluted tubule epithelial cell,Rn45s,-3.0706286430358887,0.025321274995803833,0.00301393773406744,0.03777707368135452,4.4976468459471657e-07
146,droplet,18m,21m,female,Lung,nan,dendritic cell,2810417H13Rik,-3.059016466140747,0.0012870203936472535,0.00015442930452991277,0.0004033233562950045,1.0345973918746718e-06
147,droplet,18m,21m,female,Spleen,nan,B cell,Emr1,3.0586791038513184,1.4334121260617394e-05,0.00011943325807806104,0.00023606678587384522,2.393133548986173e-159
148,droplet,18m,21m,female,Pancreas,Endocrine,pancreatic A cell,Sycn,3.0572831630706787,4.9123133067041636e-05,0.0004089027061127126,0.0003347664896864444,2.395609490331183e-20
149,droplet,18m,21m,female,Marrow,nan,proerythroblast,Clec4d,3.042386531829834,5.874814814887941e-05,0.0004839982429984957,0.0004695840470958501,1.4609891046894373e-43
150,droplet,18m,21m,female,Marrow,nan,monocyte,Fosb,3.03456449508667,3.820239726337604e-06,3.130297773168422e-05,6.929042865522206e-05,3.27225586595409e-07
151,droplet,18m,21m,female,Marrow,nan,monocyte,Ccl3,3.032294988632202,2.0574882000801153e-05,0.00016832520486786962,0.00029874348547309637,5.667571561107884e-16
152,droplet,18m,21m,female,Lung,nan,adventitial cell,Sftpc,3.019454002380371,6.47323249722831e-05,0.0005248889210633934,0.000364449224434793,1.5562289581061456e-09
153,droplet,18m,21m,female,Mammary_Gland,nan,luminal epithelial cell of mammary gland,Nrxn3,-3.008941888809204,8.344333036802709e-05,1.0365967682446353e-05,0.00016974324535112828,8.10328895513367e-28
154,droplet,18m,21m,female,Spleen,nan,B cell,Cdkn2a,2.9678637981414795,2.1286339233483886e-06,1.6653944840072654e-05,7.03400291968137e-05,3.445860399406515e-17
155,droplet,18m,21m,female,Mammary_Gland,nan,endothelial cell,Csf3,-2.962648391723633,0.003093854058533907,0.0003968750825151801,0.004495409782975912,2.485013848281125e-09
156,droplet,18m,21m,female,Lung,nan,dendritic cell,Dtnbp1,-2.9394898414611816,0.0001387325464747846,1.8084383555105887e-05,3.4226566640427336e-05,1.7120883253308572e-14
157,droplet,18m,21m,female,Lung,nan,NK cell,Scgb1a1,2.9307193756103516,0.00015139588504098356,0.0011543792206794024,0.0007575144991278648,4.053672205684299e-69
158,droplet,18m,21m,female,Fat,Scat,endothelial cell,Rpl34-ps1,2.9285459518432617,4.252940198057331e-05,0.0003237944620195776,0.0002622166939545423,1.5807039751764156e-36
159,droplet,18m,21m,female,Liver,Hepatocytes,hepatocyte,Hao2,2.9047648906707764,1.4879572518111672e-05,0.00011143249139422551,0.00012837673421017826,1.1911320806888094e-18
160,droplet,18m,21m,female,Fat,Scat,myeloid cell,Serpinh1,2.9037857055664062,1.5386345694423653e-05,0.00011514951620483771,0.0001643007853999734,1.1666596405165421e-07
161,droplet,18m,21m,female,Liver,Npc,NK cell,Ahsg,2.9022467136383057,5.755333404522389e-05,0.0004302628221921623,0.00017643666069488972,4.1303651081098374e-15
162,droplet,18m,21m,female,Pancreas,Endocrine,pancreatic B cell,Rnase1,2.890216112136841,4.967824133927934e-05,0.000368305278243497,0.0004246945900376886,6.355632154769662e-94
163,droplet,18m,21m,female,Spleen,nan,B cell,Plk2,-2.888674736022949,1.1044612620025873e-05,1.4913255199644482e-06,6.694845797028393e-05,7.113770874297451e-06
164,droplet,18m,21m,female,Spleen,nan,B cell,Lcn2,2.882856607437134,2.5945253128156764e-06,1.913746200443711e-05,6.869815842946991e-05,2.589680759109305e-23
165,droplet,18m,21m,female,Spleen,nan,B cell,Sh2d1b1,2.8777081966400146,2.8419431146176066e-06,2.0887764549115673e-05,7.476733298972249e-05,4.137769321246305e-26
166,droplet,18m,21m,female,Lung,nan,classical monocyte,Scgb1a1,2.8765766620635986,0.0001398751192027703,0.0010272504296153784,0.0005736375460401177,3.237376993068815e-113
167,droplet,18m,21m,female,Spleen,nan,B cell,Ramp3,2.8699934482574463,3.812846443906892e-06,2.787426819850225e-05,8.866091957315803e-05,1.8119565533501172e-38
168,droplet,18m,21m,female,Lung,nan,non-classical monocyte,Scgb1a1,2.869957685470581,0.00016041638446040452,0.0011727138189598918,0.0006627973052673042,3.8745040172629695e-80
169,droplet,18m,21m,female,Pancreas,Endocrine,pancreatic A cell,2210010C04Rik,2.8648767471313477,8.015381172299385e-05,0.0005838993238285184,0.0006968709058128297,6.315128031849204e-08
170,droplet,18m,21m,female,Spleen,nan,B cell,Ly6c2,2.8641393184661865,1.3523910638468806e-05,9.84677899396047e-05,0.00048799029900692403,1.790803340619455e-24
171,droplet,18m,21m,female,Spleen,nan,B cell,Cln8,2.860696315765381,1.7289477227677708e-06,1.2558492016978562e-05,5.950578270130791e-05,4.3897581324261435e-10
172,droplet,18m,21m,female,Mammary_Gland,nan,luminal epithelial cell of mammary gland,Fam25c,-2.8551104068756104,0.0004072840965818614,5.6289005442522466e-05,0.0007044415106065571,1.3490816030544395e-41
173,droplet,18m,21m,female,Pancreas,Endocrine,pancreatic B cell,Zg16,2.854003667831421,3.7228041037451476e-05,0.0002691602276172489,0.00034784217132255435,8.841151198173346e-73
174,droplet,18m,21m,female,Pancreas,Endocrine,pancreatic B cell,Klk1,2.852161407470703,7.983036994119175e-06,5.764402521890588e-05,0.0001252325891982764,1.6175282581510458e-22
175,droplet,18m,21m,female,Fat,Scat,myeloid cell,Igfbp6,2.8512604236602783,3.210211798432283e-05,0.00023165869060903788,0.00021912377269472927,1.2464972677233357e-21
176,droplet,18m,21m,female,Pancreas,Endocrine,pancreatic A cell,Prss2,2.850531816482544,0.00014881572860758752,0.0010733575327321887,0.0008714887662790716,2.4792855958603963e-21
177,droplet,18m,21m,female,Pancreas,Endocrine,pancreatic B cell,Tff2,2.8489620685577393,6.033047156961402e-06,4.346701825852506e-05,9.911065717460588e-05,2.616342334011322e-19
178,droplet,18m,21m,female,Spleen,nan,B cell,Tmem106a,2.846452474594116,3.091788585152244e-06,2.223706542281434e-05,8.139839337673038e-05,2.3586117344772382e-26
179,droplet,18m,21m,female,Marrow,nan,proerythroblast,Ccr1,2.8456618785858154,4.351330062490888e-05,0.0003127891104668379,0.0003292035253252834,1.0376715821820835e-31
180,droplet,18m,21m,female,Pancreas,Endocrine,pancreatic B cell,Clps,2.8377788066864014,0.000161470627062954,0.0011543834116309881,0.0007650125189684331,4.642225407399172e-284
181,droplet,18m,21m,female,Lung,nan,B cell,Rcn3,2.8354859352111816,8.246387551480439e-06,5.8861332945525646e-05,0.00014409499999601394,2.5348175324712675e-06
182,droplet,18m,21m,female,Pancreas,Endocrine,pancreatic D cell,Clps,2.83400297164917,0.00011789236305048689,0.0008406313718296587,0.0008525426965206861,2.082161779825163e-10
183,droplet,18m,21m,female,Fat,Scat,mesenchymal stem cell of adipose,Gm9320,2.8323593139648438,6.652872980339453e-05,0.00047384286881424487,0.00031552219297736883,2.7097774334106558e-75
184,droplet,18m,21m,female,Pancreas,Endocrine,pancreatic B cell,Try4,2.8275649547576904,0.00013512824079953134,0.0009592415299266577,0.0009580758051015437,1.3166251495879858e-95
185,droplet,18m,21m,female,Pancreas,Endocrine,pancreatic B cell,Prss2,2.825730323791504,0.0001657265383983031,0.0011749560944736004,0.0009719157824292779,2.221509037783095e-154
186,droplet,18m,21m,female,Spleen,nan,B cell,Spon1,2.825639009475708,1.960764848263352e-06,1.3900415979151148e-05,6.399748235708103e-05,1.0981290380930575e-11
187,droplet,18m,21m,female,Lung,nan,ciliated columnar cell of tracheobronchial tree,Mrpl23,-2.8219237327575684,0.00048290786799043417,6.829369522165507e-05,6.884823960717767e-05,2.7429742305889466e-23
188,droplet,18m,21m,female,Marrow,nan,proerythroblast,Dusp1,2.820094108581543,9.754524944582954e-05,0.0006888727657496929,0.0007086237310431898,3.9201383038368354e-11
189,droplet,18m,21m,female,Spleen,nan,B cell,Bcl2a1a,2.817082166671753,2.8567596928041894e-06,2.0132607460254803e-05,8.293963765027002e-05,1.146432376657806e-20
190,droplet,18m,21m,female,Kidney,nan,kidney proximal convoluted tubule epithelial cell,Rn45s,-2.8167948722839355,0.019968122243881226,0.0028339845594018698,0.028026044368743896,1.0677502851068777e-77
191,droplet,18m,21m,female,Mammary_Gland,nan,luminal epithelial cell of mammary gland,Trpc6,-2.812206506729126,2.460795803926885e-05,3.5036198369198246e-06,7.201469270512462e-05,1.9081030756761507e-07
192,droplet,18m,21m,female,Pancreas,Endocrine,pancreatic A cell,Rnase1,2.810398578643799,4.455927410162985e-05,0.00031257368391379714,0.00035442315856926143,6.964766887335049e-09
193,droplet,18m,21m,female,Spleen,nan,B cell,Cxcl10,2.7954330444335938,3.2735194963606773e-06,2.272606252518017e-05,0.00016669658361934125,9.443527478817382e-07
194,droplet,18m,21m,female,Lung,nan,B cell,Sftpa1,2.79323673248291,9.728049917612225e-06,6.743321137037128e-05,0.00013724148448091,2.6859464592998902e-09
195,droplet,18m,21m,female,Pancreas,Exocrine,pancreatic ductal cel,Wdr89,-2.7888591289520264,0.0005059254472143948,7.320762233575806e-05,0.00015427057223860174,1.621676424576605e-08
196,droplet,18m,21m,female,Liver,Hepatocytes,hepatocyte,Gm9320,2.782369613647461,5.972370672679972e-06,4.108880239073187e-05,6.625510286539793e-05,3.955391220876916e-07
197,droplet,18m,21m,female,Lung,nan,alveolar macrophage,Sftpc,2.777099370956421,0.00010470350389368832,0.0007177139632403851,0.000384249520720914,1.9281661855358384e-41
198,droplet,18m,21m,female,Liver,Npc,myeloid leukocyte,Atg5,2.761629343032837,2.013152334257029e-05,0.00013652429333887994,4.871755663771182e-05,6.788373375446316e-08
199,droplet,18m,21m,female,Pancreas,Endocrine,pancreatic B cell,Grem2,2.7607784271240234,4.354332759248791e-06,2.951200985989999e-05,8.325831731781363e-05,6.208032862696611e-11
200,droplet,18m,21m,female,Mammary_Gland,nan,luminal epithelial cell of mammary gland,Fgf13,-2.760763168334961,2.2363883545040153e-05,3.29970134771429e-06,6.381794810295105e-05,2.6836291741169217e-10
201,droplet,18m,21m,female,Spleen,nan,T cell,Ngp,2.755542755126953,5.367199264583178e-06,3.62450628017541e-05,0.00010309036588296294,2.9424525009618034e-08
202,droplet,18m,21m,female,Pancreas,Endocrine,pancreatic D cell,2210010C04Rik,2.7548954486846924,7.96293534222059e-05,0.0005375011241994798,0.0006293559563346207,6.012541441379562e-07
203,droplet,18m,21m,female,Spleen,nan,B cell,Fosb,-2.750795841217041,4.363856714917347e-05,6.483332981588319e-06,0.00011470973549876362,1.5933768715643426e-66
204,droplet,18m,21m,female,Lung,nan,T cell,Scgb1a1,2.749451160430908,0.00019042596977669746,0.00128054094966501,0.0007030925480648875,1.5439776131007352e-30
205,droplet,18m,21m,female,Pancreas,Endocrine,pancreatic B cell,Sycn,2.7487833499908447,7.160686800489202e-05,0.0004813056148122996,0.0005069281323812902,1.6037308532429358e-101
206,droplet,18m,21m,female,Lung,nan,B cell,Scgb1a1,2.743861198425293,0.00017254697741009295,0.001155824400484562,0.0008117621182464063,1.7598325587373175e-104
207,droplet,18m,21m,female,Pancreas,Endocrine,pancreatic A cell,Cela1,2.743555784225464,0.00010161721729673445,0.000680549768730998,0.000725401274394244,1.866308128859485e-10
208,droplet,18m,21m,female,Lung,nan,dendritic cell,Dhx9,-2.740252733230591,0.00012152735871495679,1.8187614841735922e-05,3.724950511241332e-05,1.9395255819258943e-07
209,droplet,18m,21m,female,Liver,Npc,NK cell,Apoa2,2.7358450889587402,0.00024779580417089164,0.001650689635425806,0.000527071300894022,1.2316391874782184e-27
210,droplet,18m,21m,female,Pancreas,Endocrine,pancreatic B cell,Pnliprp1,2.7340402603149414,2.780629620247055e-05,0.00018499982252251357,0.0003577760944608599,4.357923073491594e-28
211,droplet,18m,21m,female,Lung,nan,intermediate monocyte,Scgb1a1,2.7329070568084717,0.00015169827383942902,0.0010084807872772217,0.0004318091960158199,6.770093446108165e-12
212,droplet,18m,21m,female,Lung,nan,dendritic cell,Kpnb1,-2.726062059402466,0.00023671133385505527,3.577606548788026e-05,4.3852298404090106e-05,4.0719499824330403e-20
213,droplet,18m,21m,female,Fat,Scat,T cell,Rpl34-ps1,2.7240889072418213,0.00011244634515605867,0.0007429812103509903,0.0004451427375897765,6.503441445440825e-22
214,droplet,18m,21m,female,Lung,nan,mature NK T cell,Scgb1a1,2.723773956298828,0.0001645323063712567,0.001086898148059845,0.0006951923132874072,1.0351609008554063e-14
215,droplet,18m,21m,female,Marrow,nan,proerythroblast,Ier3,2.721263885498047,2.6591384084895253e-05,0.00017535698134452105,0.000280442473012954,4.5535248816801535e-10
216,droplet,18m,21m,female,Lung,nan,basophil,Ccl3,2.71309757232666,0.002943990519270301,0.01930457167327404,0.008077649399638176,3.154093954764236e-13
217,droplet,18m,21m,female,Pancreas,Endocrine,pancreatic B cell,Cela2a,2.712174892425537,0.00026803449145518243,0.0017564536537975073,0.0018261552322655916,1.0278766748569497e-72
218,droplet,18m,21m,female,Lung,nan,bronchial smooth muscle cell,Sftpa1,2.7058820724487305,1.1233461918891408e-05,7.329347863560542e-05,0.00014397670747712255,4.337653145703253e-15
219,droplet,18m,21m,female,Spleen,nan,B cell,Dnm3,2.7028701305389404,5.9502708609215915e-06,3.874197864206508e-05,0.0001138157385867089,5.823941281656606e-51
220,droplet,18m,21m,female,Liver,Npc,NK cell,Trf,2.7013063430786133,0.00018409416952636093,0.0011973310029134154,0.0005197540740482509,2.1192151251397953e-13
221,droplet,18m,21m,female,Marrow,nan,proerythroblast,Tpd52,2.697721481323242,3.834695235127583e-05,0.0002487860037945211,0.0002854613121598959,1.7972398674888395e-25
222,droplet,18m,21m,female,Pancreas,Endocrine,pancreatic D cell,Ctrb1,2.6878483295440674,0.0001355180429527536,0.0008732127607800066,0.0009532234980724752,1.670460322348095e-08
223,droplet,18m,21m,female,Spleen,nan,B cell,Chn2,2.675447702407837,2.3140958091971697e-06,1.4783304322918411e-05,6.385494634741917e-05,3.888587999059135e-13
224,droplet,18m,21m,female,Fat,Scat,T cell,Gm6251,2.673656702041626,4.5709886762779206e-05,0.00029164933948777616,0.0002597977581899613,1.2628384700036511e-09
225,droplet,18m,21m,female,Spleen,nan,B cell,Apoc2,2.6686201095581055,1.1473338417999912e-05,7.294987153727561e-05,0.0002973669325001538,3.264513688206118e-28
226,droplet,18m,21m,female,Spleen,nan,T cell,S100a9,2.66279935836792,2.4481912987539545e-05,0.00015503431495744735,0.00026742363115772605,6.7416409661330386e-31
227,droplet,18m,21m,female,Pancreas,Endocrine,pancreatic A cell,Clps,2.659979820251465,0.0001684176822891459,0.001064440468326211,0.0008671045652590692,2.7055130616152825e-19
228,droplet,18m,21m,female,Lung,nan,B cell,Lgals1,2.6582751274108887,9.658382623456419e-05,0.0006097123259678483,0.001062037656083703,6.291544839194975e-16
229,droplet,18m,21m,female,Pancreas,Endocrine,pancreatic B cell,2210010C04Rik,2.654862403869629,0.0001132572433562018,0.0007132785976864398,0.000735942623578012,1.1024301316530413e-90
230,droplet,18m,21m,female,Kidney,nan,kidney proximal convoluted tubule epithelial cell,Plvap,2.652780294418335,2.521526084819925e-06,1.5857327525736764e-05,4.4798620365327224e-05,5.248632341993144e-07
231,droplet,18m,21m,female,Lung,nan,"CD8-positive, alpha-beta T cell",Scgb1a1,2.651228427886963,0.0001910573773784563,0.0012002261355519295,0.0006620530621148646,1.3061083853332166e-103
232,droplet,18m,21m,female,Marrow,nan,proerythroblast,Mcl1,2.6449639797210693,3.78237382392399e-05,0.00023657994461245835,0.00027669628616422415,3.631212899850814e-26
233,droplet,18m,21m,female,Lung,nan,B cell,Rn45s,-2.640760898590088,0.003011322347447276,0.00048284645890817046,0.005203504115343094,2.1225034544985877e-10
234,droplet,18m,21m,female,Lung,nan,dendritic cell,H2-Ke2,-2.636716604232788,0.0003028387436643243,4.869458280154504e-05,6.729995220666751e-05,1.1265707955838836e-11
235,droplet,18m,21m,female,Marrow,nan,proerythroblast,Tacstd2,2.6311209201812744,1.3678812138095964e-05,8.474122296320274e-05,0.000166237325174734,1.4856014381976793e-07
236,droplet,18m,21m,female,Lung,nan,plasma cell,Scgb1a1,2.6268908977508545,0.000373416201910004,0.002306567272171378,0.001024927245453,9.331991510625942e-08
237,droplet,18m,21m,female,Kidney,nan,kidney proximal convoluted tubule epithelial cell,Igj,2.626112461090088,6.219583610800328e-06,3.839724013232626e-05,0.00010350082447985187,4.496361837365396e-12
238,droplet,18m,21m,female,Liver,Hepatocytes,hepatocyte,Mt1,-2.6154000759124756,0.0023891818709671497,0.0003898839058820158,0.0024185131769627333,7.321838276471482e-31
239,droplet,18m,21m,female,Spleen,nan,B cell,Zfp608,-2.6086888313293457,3.0138300644466653e-05,4.941116912959842e-06,9.520956518827006e-05,2.7788230829249845e-38
240,droplet,18m,21m,female,Spleen,nan,B cell,Stx3,2.6030261516571045,2.747425924098934e-06,1.6692256394890137e-05,7.223716238513589e-05,1.543022640230938e-14
241,droplet,18m,21m,female,Liver,Hepatocytes,hepatocyte,Gm6222,2.5995748043060303,2.9499866286641918e-05,0.00017880105588119477,0.0002447882725391537,1.243793237205367e-13
242,droplet,18m,21m,female,Spleen,nan,mature NK T cell,S100a9,2.598217725753784,2.6740999601315707e-05,0.00016192694602068514,0.0002030519681284204,2.0537160651423404e-35
243,droplet,18m,21m,female,Liver,Npc,NK cell,Apoa1,2.5972390174865723,0.00013286898320075125,0.000804026669356972,0.0004056172911077738,1.9370184224262974e-08
244,droplet,18m,21m,female,Fat,Scat,T cell,Gsn,2.5898523330688477,0.00020749273244291544,0.001249183202162385,0.0005514419171959162,8.997462164045482e-47
245,droplet,18m,21m,female,Fat,Scat,myeloid cell,Mfap5,2.588075876235962,1.2496587260102388e-05,7.51415136619471e-05,0.00010503779776627198,4.055517978995304e-06
246,droplet,18m,21m,female,Pancreas,Endocrine,pancreatic B cell,Pnlip,2.5863101482391357,7.32708431314677e-05,0.00044003588845953345,0.0006141251069493592,6.19498799932781e-40
247,droplet,18m,21m,female,Pancreas,Endocrine,pancreatic A cell,Try4,2.5837273597717285,0.00013776434934698045,0.0008258786401711404,0.0008598316926509142,1.828297528248175e-10
248,droplet,18m,21m,female,Kidney,nan,kidney proximal convoluted tubule epithelial cell,Hdc,2.581268310546875,7.057045877445489e-05,0.00042233994463458657,0.0007948696729727089,4.331284398844867e-30
249,droplet,18m,21m,female,Liver,Hepatocytes,hepatocyte,Rpl34-ps1,2.579770565032959,8.74435772857396e-06,5.2277679060352966e-05,7.884843944339082e-05,2.3558984714214063e-08
250,droplet,18m,21m,female,Spleen,nan,B cell,Lgals1,2.5781826972961426,9.687401325209066e-05,0.0005785190151073039,0.0008393572643399239,3.443462869136276e-274
251,droplet,18m,21m,female,Mammary_Gland,nan,luminal epithelial cell of mammary gland,Cdo1,-2.5774219036102295,0.00023130717454478145,3.8753216358600184e-05,0.0004041740030515939,3.540897320633869e-37
252,droplet,18m,21m,female,Spleen,nan,B cell,S100a9,2.5708937644958496,2.6027009880635887e-05,0.0001546466228319332,0.0002134048263542354,6.81670759437383e-262
253,droplet,18m,21m,female,Spleen,nan,B cell,Itgam,2.5689468383789062,4.3747791096393485e-06,2.5958899641409516e-05,9.39815363381058e-05,1.3629003902499361e-27
254,droplet,18m,21m,female,Pancreas,Endocrine,pancreatic B cell,Cpb1,2.5671701431274414,6.868885975563899e-05,0.0004070816794410348,0.0005679639289155602,2.928681250197993e-38
255,droplet,18m,21m,female,Fat,Scat,mesenchymal stem cell of adipose,Aif1l,2.5642247200012207,2.8108102924306877e-05,0.00016624174895696342,0.0002948616456706077,2.7051212783924315e-07
256,droplet,18m,21m,female,Liver,Hepatocytes,hepatocyte,Cyp26a1,-2.563807249069214,0.00016857929585967213,2.8511583877843805e-05,0.0002510295598767698,1.470798113855931e-11
257,droplet,18m,21m,female,Spleen,nan,B cell,Camp,2.55977463722229,8.345208698301576e-06,4.9204656534129754e-05,0.00011951453780056909,1.7752642762395288e-69
258,droplet,18m,21m,female,Lung,nan,dendritic cell,Lsm3,-2.557157516479492,0.00029247827478684485,4.969497967977077e-05,6.506822683149949e-05,3.390967363774742e-12
259,droplet,18m,21m,female,Fat,Scat,epithelial cell,Slc5a5,-2.555814266204834,0.000515247811563313,8.762729703448713e-05,0.00048823634278960526,7.07420566769689e-06
260,droplet,18m,21m,female,Spleen,nan,plasma cell,Camp,2.555534601211548,1.6156884157680906e-05,9.498394501861185e-05,0.00013228674652054906,7.437179894729647e-08
261,droplet,18m,21m,female,Pancreas,Endocrine,pancreatic A cell,Ctrb1,2.5542802810668945,0.00017475654021836817,0.0010264752199873328,0.0008611383382230997,2.4367182889192127e-17
262,droplet,18m,21m,female,Fat,Scat,mesenchymal stem cell of adipose,Daglb,2.5528392791748047,5.3732845117338e-05,0.00031529786065220833,0.0005380160873755813,2.1097837790734236e-06
263,droplet,18m,21m,female,Kidney,nan,kidney proximal convoluted tubule epithelial cell,Emcn,2.551468849182129,2.891556732720346e-06,1.695120045042131e-05,4.957430064678192e-05,3.4504197121469047e-06
264,droplet,18m,21m,female,Lung,nan,bronchial smooth muscle cell,Sftpc,2.54465389251709,0.00010940272477455437,0.0006383300060406327,0.0004953428870067,1.9523423811514883e-111
265,droplet,18m,21m,female,Spleen,nan,B cell,Acsl3,-2.5403802394866943,1.239269749930827e-05,2.1302719233062817e-06,6.107004446676001e-05,2.4327775288481365e-08
266,droplet,18m,21m,female,Pancreas,Endocrine,pancreatic B cell,Rad51ap2,-2.539837598800659,7.03951736795716e-05,1.210529990203213e-05,0.0001398295717081055,2.7512434918245137e-18
267,droplet,18m,21m,female,Fat,Scat,epithelial cell,Socs3,-2.5390477180480957,0.0005885089049115777,0.00010125664994120598,0.0004948743153363466,2.408496769218042e-08
268,droplet,18m,21m,female,Liver,Hepatocytes,hepatocyte,Cyp3a11,-2.534602642059326,0.0016680083936080337,0.00028787690098397434,0.0015422928845509887,5.286086396086422e-34
269,droplet,18m,21m,female,Marrow,nan,granulocytopoietic cell,Snhg9,-2.534543752670288,3.934390770155005e-05,6.7905307332694065e-06,9.327525913249701e-05,5.166676033966953e-14
270,droplet,18m,21m,female,Pancreas,Endocrine,leukocyte,Prss2,2.534359931945801,0.00016628492448944598,0.0009633214212954044,0.0006820958224125206,2.876373223568223e-12
271,droplet,18m,21m,female,Spleen,nan,B cell,Gm4827,2.5342586040496826,3.3960734526772285e-06,1.9672746930154972e-05,7.491693395422772e-05,2.1169638593118977e-19
272,droplet,18m,21m,female,Lung,nan,B cell,Zbtb32,2.529111862182617,2.155294168915134e-05,0.0001244070881512016,0.00024110816593747586,1.0057219165153044e-09
273,droplet,18m,21m,female,Lung,nan,"CD4-positive, alpha-beta T cell",Scgb1a1,2.524341583251953,0.00020167618640698493,0.0011602649465203285,0.0007028467953205109,7.990167045212095e-29
274,droplet,18m,21m,female,Kidney,nan,kidney distal convoluted tubule epithelial cell,H2-Eb1,2.522702217102051,1.863587567640934e-05,0.00010709244816098362,0.00016670314653310925,7.496692611342558e-06
275,droplet,18m,21m,female,Fat,Scat,myeloid cell,Fabp4,2.5210700035095215,0.0002507433237042278,0.0014392860466614366,0.0011693418491631746,8.410554853139248e-29
276,droplet,18m,21m,female,Liver,Hepatocytes,hepatocyte,Sult2a7,-2.5195472240448,0.00019468064419925213,3.395185558474623e-05,0.000297019025310874,8.159426168172772e-11
277,droplet,18m,21m,female,Pancreas,Endocrine,pancreatic B cell,Reg1,2.5131609439849854,3.317662776680663e-05,0.00018939522851724178,0.00025688394089229405,3.0491715205742153e-59
278,droplet,18m,21m,female,Fat,Scat,B cell,Fabp4,2.4972527027130127,0.00023569935001432896,0.0013307803310453892,0.0005862580728717148,6.797576792146438e-28
279,droplet,18m,21m,female,Mammary_Gland,nan,luminal epithelial cell of mammary gland,Dnaic1,-2.4970850944519043,2.7588894226937555e-05,4.886936494585825e-06,6.920362648088485e-05,1.0139882598074835e-12
280,droplet,18m,21m,female,Kidney,nan,brush cell,Cox8b,2.4960379600524902,5.859957309439778e-05,0.00033058010740205646,0.0005115201929584146,5.107329740338029e-06
281,droplet,18m,21m,female,Pancreas,Endocrine,pancreatic B cell,Ctrb1,2.4960293769836426,0.00023224174219649285,0.0013101468794047832,0.0011891296599060297,4.283302181450549e-107
282,droplet,18m,21m,female,Liver,Npc,endothelial cell of hepatic sinusoid,Apoa1,2.4929654598236084,0.00017370808927807957,0.0009778616949915886,0.0003082462935708463,1.495587728000062e-10
283,droplet,18m,21m,female,Spleen,nan,B cell,Ngp,2.4903178215026855,7.67662550060777e-06,4.3135096348123625e-05,0.00011133005318697542,1.4137280944124917e-55
284,droplet,18m,21m,female,Lung,nan,non-classical monocyte,Sftpc,2.4902639389038086,9.01893581612967e-05,0.0005067566526122391,0.00039820841629989445,2.1192643678203538e-32
285,droplet,18m,21m,female,Pancreas,Endocrine,pancreatic B cell,Pla2g1b,2.4833452701568604,1.1941357115574647e-05,6.677518831565976e-05,0.00014194408140610904,7.255710127174168e-20
286,droplet,18m,21m,female,Fat,Scat,T cell,Sparc,2.4777708053588867,3.689611912705004e-05,0.00020552468777168542,0.0001843256177380681,3.6533020888627536e-07
287,droplet,18m,21m,female,Pancreas,Endocrine,pancreatic B cell,Ivd,2.477266550064087,4.012450517620891e-05,0.00022342988813761622,0.00022319618437904865,4.739485777862131e-105
288,droplet,18m,21m,female,Pancreas,Endocrine,pancreatic B cell,Ctrl,2.4723565578460693,6.519983435282484e-05,0.0003618261544033885,0.0005410037701949477,1.7627696263137842e-39
289,droplet,18m,21m,female,Marrow,nan,proerythroblast,Pnrc1,2.4700465202331543,4.2964973545167595e-05,0.00023805242381058633,0.00027351517928764224,4.221654367023439e-11
290,droplet,18m,21m,female,Lung,nan,basophil,Sfpi1,2.46392822265625,0.00011012435425072908,0.0006075747078284621,0.00036997749703004956,2.112031287108217e-06
291,droplet,18m,21m,female,Fat,Scat,myeloid cell,Sparc,2.4626731872558594,4.6770252083661035e-05,0.0002578150015324354,0.00024037832918111235,3.534535887597531e-19
292,droplet,18m,21m,female,Pancreas,Endocrine,pancreatic B cell,Cpa1,2.4594945907592773,6.419679266400635e-05,0.00035309779923409224,0.0005675764405168593,2.143220581268841e-33
293,droplet,18m,21m,female,Spleen,nan,B cell,Dusp1,-2.4581685066223145,7.879800978116691e-05,1.43394590850221e-05,0.0001826781954150647,2.3942758625566182e-94
294,droplet,18m,21m,female,Marrow,nan,proerythroblast,Zfp36,2.454892635345459,7.43578202673234e-05,0.00040768334292806685,0.00037519726902246475,2.8978743199172355e-30
295,droplet,18m,21m,female,Lung,nan,"CD4-positive, alpha-beta T cell",Sftpc,2.4506514072418213,0.00010020541958510876,0.0005477858358062804,0.0005360525101423264,2.9844157980088094e-09
296,droplet,18m,21m,female,Marrow,nan,proerythroblast,Ccl6,2.4502246379852295,0.0005129019264131784,0.0028030152898281813,0.0030149496160447598,1.099705148442688e-21
297,droplet,18m,21m,female,Fat,Scat,mesenchymal stem cell of adipose,Rpl34-ps1,2.4473602771759033,7.500655192416161e-05,0.00040909863309934735,0.00026091220206581056,3.532664992866117e-71
298,droplet,18m,21m,female,Marrow,nan,granulocytopoietic cell,Faim3,2.441032648086548,6.646024121437222e-05,0.00036089925561100245,0.0007656734087504447,3.529153050876561e-21
299,droplet,18m,21m,female,Spleen,nan,B cell,Rcn3,2.438929557800293,1.5854660887271166e-05,8.597021223977208e-05,0.0001716944680083543,1.7004764223813386e-120
300,droplet,18m,21m,female,Fat,Scat,endothelial cell,Igfbp6,2.436729907989502,4.157715738983825e-05,0.00022510418784804642,0.0002203435287810862,3.910764575816693e-20
301,droplet,18m,21m,female,Marrow,nan,naive B cell,Jun,2.4301435947418213,0.00022541703947354108,0.001214878517203033,0.0012998752063140273,1.500469421697983e-07
302,droplet,18m,21m,female,Marrow,nan,hematopoietic precursor cell,Snhg9,-2.4217584133148193,8.798567432677373e-05,1.6420635802205652e-05,0.00012820714619010687,2.361705705472965e-09
303,droplet,18m,21m,female,Spleen,nan,B cell,Spn,2.4177329540252686,1.4800931239733472e-05,7.908593397587538e-05,0.00017091465997509658,1.7087319431090397e-100
304,droplet,18m,21m,female,Lung,nan,B cell,Hist1h1e,-2.4145917892456055,0.00023201570729725063,4.35163892689161e-05,0.0003234989126212895,3.091331954664464e-15
305,droplet,18m,21m,female,Pancreas,Endocrine,pancreatic B cell,Cela1,2.4143154621124268,0.00014152583025861531,0.0007544267573393881,0.000786116230301559,1.4331541514904265e-75
306,droplet,18m,21m,female,Spleen,nan,B cell,Art3,2.411836624145508,3.93362870454439e-06,2.0932862753397785e-05,8.158136188285425e-05,1.545011243974921e-19
307,droplet,18m,21m,female,Spleen,nan,mature NK T cell,Lyst,-2.409830331802368,5.605370824923739e-05,1.0548071259108838e-05,0.0001282351731788367,3.3137455694265588e-06
308,droplet,18m,21m,female,Spleen,nan,mature NK T cell,Cct6a,-2.4067442417144775,4.389087553136051e-05,8.276982043753378e-06,9.586480882717296e-05,1.149206244087009e-06
309,droplet,18m,21m,female,Lung,nan,bronchial smooth muscle cell,AI836003,2.405313730239868,2.3417012926074676e-05,0.00012405181769281626,0.00032050436129793525,5.011006874242021e-08
310,droplet,18m,21m,female,Spleen,nan,B cell,Tmem159,2.4025256633758545,2.041012294284883e-06,1.0791407476062886e-05,5.497223901329562e-05,6.76575207131419e-06
311,droplet,18m,21m,female,Fat,Scat,mesenchymal stem cell of adipose,Car3,2.401876926422119,9.944095836544875e-06,5.25535833730828e-05,8.636165875941515e-05,4.780463007332521e-07
312,droplet,18m,21m,female,Lung,nan,myeloid dendritic cell,Sftpc,2.3957748413085938,8.914012141758576e-05,0.00046910851961001754,0.0002461601106915623,2.474959986695868e-14
313,droplet,18m,21m,female,Kidney,nan,kidney proximal convoluted tubule epithelial cell,Hspb1,2.3852086067199707,3.852876034216024e-06,2.0128174583078362e-05,5.440630411612801e-05,3.966962464578052e-08
314,droplet,18m,21m,female,Lung,nan,dendritic cell,Cbx3,-2.3829362392425537,0.0003133334976155311,6.007192132528871e-05,8.753724250709638e-05,4.344905971707682e-06
315,droplet,18m,21m,female,Marrow,nan,granulocytopoietic cell,Apoe,2.381321907043457,0.00010285025928169489,0.0005358641501516104,0.0017009510193020105,6.789506686652461e-07
316,droplet,18m,21m,female,Fat,Scat,endothelial cell,Clec3b,2.3782167434692383,2.5970031856559217e-05,0.00013501658395398408,0.00016008959210012108,1.2054155104484155e-11
317,droplet,18m,21m,female,Marrow,nan,proerythroblast,Trem1,2.3767621517181396,2.1111311070853844e-05,0.00010964577813865617,0.00017679596203379333,6.623194617477904e-06
318,droplet,18m,21m,female,Lung,nan,dendritic cell,Dek,-2.375627040863037,0.0008662060718052089,0.00016691148630343378,0.0001767770736478269,2.787888735082183e-10
319,droplet,18m,21m,female,Fat,Scat,myeloid cell,Rpl34-ps1,2.372570753097534,7.915795140434057e-05,0.00040992983849719167,0.0003348439058754593,5.875155793443429e-25
320,droplet,18m,21m,female,Marrow,nan,granulocytopoietic cell,Fos,2.3685848712921143,4.0621162042953074e-05,0.00020978163229301572,0.0002691004192456603,2.0731953820976495e-63
321,droplet,18m,21m,female,Lung,nan,dendritic cell,Elf1,-2.3674585819244385,0.0002176811103709042,4.218370304442942e-05,5.895596768823452e-05,8.257365850235321e-07
322,droplet,18m,21m,female,Marrow,nan,granulocytopoietic cell,Hist1h2ai,-2.367269992828369,2.351836155867204e-05,4.558140517474385e-06,6.640461651841179e-05,2.0565481666077627e-07
323,droplet,18m,21m,female,Fat,Scat,endothelial cell,Gm9320,2.363715171813965,7.337480201385915e-05,0.0003776557859964669,0.0002956291427835822,1.3576040456209832e-32
324,droplet,18m,21m,female,Pancreas,Endocrine,pancreatic PP cell,Clps,2.3615760803222656,7.239879050757736e-05,0.00037208019057288766,0.00012713471369352192,4.420197109683017e-19
325,droplet,18m,21m,female,Marrow,nan,granulocytopoietic cell,Hist1h2bm,-2.355952739715576,3.7382942537078634e-05,7.302321591851069e-06,9.61503028520383e-05,9.128244033308762e-11
326,droplet,18m,21m,female,Spleen,nan,mature NK T cell,Gm4759,-2.3546407222747803,4.7641704441048205e-05,9.314718226960395e-06,0.00010849177488125861,4.598103680683072e-06
327,droplet,18m,21m,female,Marrow,nan,granulocytopoietic cell,Cd55,2.3544254302978516,1.0194700735155493e-05,5.213473559706472e-05,0.0001680400309851393,4.0348253741689114e-07
328,droplet,18m,21m,female,Mammary_Gland,nan,luminal epithelial cell of mammary gland,Rbm20,-2.3412342071533203,5.104451338411309e-05,1.0073195880977437e-05,0.00012742645049002022,5.283475082658891e-14
329,droplet,18m,21m,female,Spleen,nan,B cell,Lyst,-2.33960223197937,3.4657226933632046e-05,6.847047188784927e-06,9.677924390416592e-05,3.6725828177431685e-45
330,droplet,18m,21m,female,Mammary_Gland,nan,luminal epithelial cell of mammary gland,Mid1,-2.339324474334717,3.2067990105133504e-05,6.3367242546519265e-06,6.98662843205966e-05,6.146370123654074e-16
331,droplet,18m,21m,female,Spleen,nan,T cell,Cct6a,-2.3371496200561523,4.5911270717624575e-05,9.085882993531413e-06,0.00011161344446009025,4.10380627853772e-08
332,droplet,18m,21m,female,Marrow,nan,proerythroblast,G0s2,2.336947441101074,0.00013874027354177088,0.0007009609253145754,0.0007324978359974921,4.074697551818351e-41
333,droplet,18m,21m,female,Marrow,nan,proerythroblast,1600010M07Rik,2.3214235305786133,3.071410901611671e-05,0.00015351684123743325,0.0002441991528030485,1.2462002560731743e-09
334,droplet,18m,21m,female,Spleen,nan,T cell,Xrn1,-2.318615198135376,4.248586992616765e-05,8.516707566741388e-06,0.00010403172200312838,7.366996574299915e-08
335,droplet,18m,21m,female,Fat,Scat,T cell,Gm9320,2.3157265186309814,0.00027641249471344054,0.0013761342270299792,0.0007181639666669071,3.676166735904291e-30
336,droplet,18m,21m,female,Lung,nan,plasma cell,Ik,-2.3130903244018555,0.0002162248856620863,4.351070674601942e-05,6.755188223905861e-05,9.666268383217247e-08
337,droplet,18m,21m,female,Mammary_Gland,nan,luminal epithelial cell of mammary gland,Fbxo2,-2.31119704246521,1.55194393300917e-05,3.1270608360500773e-06,4.529398574959487e-05,7.437123854805893e-06
338,droplet,18m,21m,female,Lung,nan,myeloid dendritic cell,Scgb1a1,2.3089663982391357,0.00019613820768427104,0.0009719195659272373,0.0005981025169603527,2.971107790169966e-09
339,droplet,18m,21m,female,Spleen,nan,plasma cell,Fos,-2.307755470275879,0.0013603635597974062,0.0002747586404439062,0.0013626681175082922,2.7039819133542496e-12
340,droplet,18m,21m,female,Pancreas,Exocrine,pancreatic ductal cel,Rpl31-ps12,-2.306501626968384,0.0012377401581034064,0.00025020921020768583,0.00030629869434051216,6.5075006560382745e-09
341,droplet,18m,21m,female,Spleen,nan,B cell,Mtus2,2.305631637573242,2.548739075791673e-06,1.2600557965924963e-05,6.0012174799339846e-05,8.933150378124953e-08
342,droplet,18m,21m,female,Pancreas,Endocrine,pancreatic PP cell,Sycn,2.2978734970092773,3.672074672067538e-05,0.0001805678039090708,6.875718099763617e-05,3.339291929449175e-12
343,droplet,18m,21m,female,Pancreas,Endocrine,pancreatic B cell,Cpeb4,-2.297241687774658,3.9023172575980425e-05,7.939329407236073e-06,9.179908374790102e-05,9.613389539472351e-10
344,droplet,18m,21m,female,Liver,Npc,myeloid leukocyte,Apoa2,2.294985771179199,0.0003184668312314898,0.0015628731343895197,0.0003047794452868402,2.631888003727401e-10
345,droplet,18m,21m,female,Marrow,nan,promonocyte,Snhg9,-2.2925195693969727,4.921859726891853e-05,1.0046436727861874e-05,8.102328138193116e-05,1.7495553994647702e-09
346,droplet,18m,21m,female,Spleen,nan,B cell,Padi2,2.2914862632751465,2.3458533178200014e-06,1.1484367860248312e-05,5.6664466683287174e-05,2.268616087383319e-06
347,droplet,18m,21m,female,Pancreas,Endocrine,pancreatic PP cell,Try4,2.2912261486053467,6.351229967549443e-05,0.0003108748933300376,0.00014568312326446176,4.381431042296709e-11
348,droplet,18m,21m,female,Liver,Hepatocytes,hepatocyte,Gm1821,2.28617787361145,2.7117954232380725e-05,0.00013227113231550902,0.00021435023518279195,3.199412017177214e-07
349,droplet,18m,21m,female,Pancreas,Endocrine,pancreatic B cell,Dhcr7,2.2788758277893066,8.557351975468919e-06,4.1528801375534385e-05,0.00010531600855756551,2.0811958855529345e-12
350,droplet,18m,21m,female,Fat,Scat,T cell,Rps15a-ps4,2.2769670486450195,0.0009126520599238575,0.004423241131007671,0.0016970259603112936,1.0562777710282793e-64
351,droplet,18m,21m,female,Fat,Scat,myeloid cell,Rps15a-ps4,2.271657705307007,0.00037129141855984926,0.0017928832676261663,0.0009894475806504488,2.2928394573017413e-59
352,droplet,18m,21m,female,Mammary_Gland,nan,luminal epithelial cell of mammary gland,Nupr1,-2.2708957195281982,0.002702300203964114,0.0005599198630079627,0.00390114588662982,7.325476541957672e-49
353,droplet,18m,21m,female,Liver,Npc,NK cell,Gm11428,-2.2681148052215576,0.00041511477320455015,8.617823186796159e-05,0.00039599795127287507,7.486163531640371e-07
354,droplet,18m,21m,female,Spleen,nan,B cell,Tbx21,2.2673118114471436,9.229268471244723e-06,4.4432032154873013e-05,0.0001236695097759366,1.9724779846639536e-50
355,droplet,18m,21m,female,Spleen,nan,B cell,Adora2a,2.2657930850982666,8.621845154266339e-06,4.14640708186198e-05,0.0001136424980359152,2.817391266076916e-50
356,droplet,18m,21m,female,Spleen,nan,B cell,Nacc2,2.2616114616394043,3.5731382013182156e-06,1.7134156223619357e-05,7.050781277939677e-05,1.484900991991133e-13
357,droplet,18m,21m,female,Spleen,nan,B cell,Diras2,2.2569963932037354,2.669390823939466e-06,1.2759564924635924e-05,6.336186197586358e-05,2.6039176259596736e-07
358,droplet,18m,21m,female,Marrow,nan,naive T cell,Snhg9,-2.2540125846862793,0.00011314724542899057,2.3720211174804717e-05,9.36320357141085e-05,2.6739069250177836e-34
359,droplet,18m,21m,female,Mammary_Gland,nan,luminal epithelial cell of mammary gland,AW112010,-2.252063512802124,0.0015600757906213403,0.0003274967602919787,0.0024111024104058743,2.4838148316909646e-39
360,droplet,18m,21m,female,Spleen,nan,B cell,Unc5cl,2.250694751739502,3.815855961875059e-06,1.8160118997911923e-05,6.893153476994485e-05,3.0885187074832764e-16
361,droplet,18m,21m,female,Marrow,nan,granulocyte,Fos,2.2505812644958496,9.888778731692582e-05,0.00047058184281922877,0.0004749987565446645,7.87407873404281e-130
362,droplet,18m,21m,female,Pancreas,Endocrine,pancreatic B cell,Derl3,2.250370979309082,8.692313713254407e-06,4.135848212172277e-05,0.00010432324052089825,9.745641092751261e-11
363,droplet,18m,21m,female,Pancreas,Endocrine,pancreatic B cell,Cel,2.247568368911743,2.4553122784709558e-05,0.00011659831216093153,0.0002992594672832638,1.3620938928139528e-06
364,droplet,18m,21m,female,Liver,Hepatocytes,hepatocyte,Hsd17b6,2.247089147567749,6.319452222669497e-05,0.000299999606795609,0.00036281952634453773,2.0632576058544674e-13
365,droplet,18m,21m,female,Mammary_Gland,nan,macrophage,Igfbp6,2.2466812133789062,1.7896274584927596e-05,8.493391214869916e-05,0.0001229280896950513,1.2580355710970158e-07
366,droplet,18m,21m,female,Spleen,nan,B cell,Btbd7,-2.2450246810913086,1.1906246982107405e-05,2.5116262349911267e-06,5.6894106819527224e-05,6.874859801726566e-07
367,droplet,18m,21m,female,Mammary_Gland,nan,luminal epithelial cell of mammary gland,Slc5a5,-2.244663715362549,0.000226284668315202,4.7746769268997014e-05,0.0003717668878380209,5.934531708213819e-33
368,droplet,18m,21m,female,Mammary_Gland,nan,luminal epithelial cell of mammary gland,Mtmr7,-2.2432937622070312,0.00016601286188233644,3.506251232465729e-05,0.0002598488936200738,5.459048235228824e-37
369,droplet,18m,21m,female,Lung,nan,"CD8-positive, alpha-beta T cell",Sftpc,2.2378275394439697,0.00011872168397530913,0.0005599938449449837,0.00040096152224577963,3.8153299176306887e-50
370,droplet,18m,21m,female,Pancreas,Endocrine,pancreatic PP cell,Cela1,2.237471103668213,4.7976245696190745e-05,0.00022624144912697375,7.459843618562445e-05,9.29487317547927e-21
371,droplet,18m,21m,female,Marrow,nan,proerythroblast,Cxcr2,2.234828472137451,8.105643792077899e-05,0.00038153809146024287,0.00039301987271755934,4.340482645631569e-19
372,droplet,18m,21m,female,Spleen,nan,B cell,9930111J21Rik1,-2.234687566757202,1.759631049935706e-05,3.7386394069471862e-06,6.952118565095589e-05,8.394187426134065e-15
373,droplet,18m,21m,female,Spleen,nan,B cell,Snx29,-2.23262095451355,1.9138669813401066e-05,4.0721693039813545e-06,7.474369340343401e-05,1.8746889212944052e-16
374,droplet,18m,21m,female,Fat,Scat,B cell,Rpl34-ps1,2.2295970916748047,0.00015287628048099577,0.0007169942837208509,0.000544218928553164,3.598737057534851e-06
375,droplet,18m,21m,female,Spleen,nan,mature NK T cell,S100a8,2.223846673965454,2.966629108414054e-05,0.00013858231250196695,0.00019250634068157524,2.8978059105810844e-24
376,droplet,18m,21m,female,Marrow,nan,granulocytopoietic cell,Gimap7,2.223351240158081,9.097860129259061e-06,4.248491313774139e-05,0.00013449032849166542,2.35301232278149e-06
377,droplet,18m,21m,female,Mammary_Gland,nan,endothelial cell,Cebpb,-2.2197933197021484,0.0012205371167510748,0.0002620152954477817,0.001476510427892208,1.3101775797050393e-11
378,droplet,18m,21m,female,Lung,nan,T cell,Sftpc,2.2183268070220947,0.00012155567674199119,0.0005656635039485991,0.00041344689088873565,1.9390377585868146e-12
379,droplet,18m,21m,female,Fat,Scat,endothelial cell,C3,2.214094877243042,1.8924152755062096e-05,8.780624921200797e-05,0.00012487630010582507,3.3943967533875998e-06
380,droplet,18m,21m,female,Pancreas,Endocrine,pancreatic B cell,Psd4,2.2138421535491943,7.068876584526151e-06,3.279316661064513e-05,8.804751269053668e-05,1.5167409242120105e-09
381,droplet,18m,21m,female,Fat,Scat,T cell,Fabp4,2.2082266807556152,0.0002587636699900031,0.0011957648675888777,0.0005943418946117163,2.1225341613576518e-26
382,droplet,18m,21m,female,Spleen,nan,B cell,BC064078,2.2076327800750732,2.1332898541004397e-05,9.854023664956912e-05,0.00019173948385287076,1.3093589480024054e-119
383,droplet,18m,21m,female,Fat,Scat,endothelial cell,Ly6c2,2.204895496368408,5.447106377687305e-05,0.000251134013524279,0.00024993601255118847,6.698120152982682e-17
384,droplet,18m,21m,female,Spleen,nan,B cell,Frat2,-2.202907085418701,1.2068133401044179e-05,2.6211921522190096e-06,5.955410597380251e-05,1.4898570920871134e-06
385,droplet,18m,21m,female,Pancreas,Exocrine,pancreatic ductal cel,Rps15a-ps6,-2.201143741607666,0.0011793557787314057,0.0002564688038546592,0.0003681622911244631,1.7420421196651921e-06
386,droplet,18m,21m,female,Pancreas,Endocrine,pancreatic PP cell,Ctrb1,2.200871467590332,8.300255285575986e-05,0.0003816100361291319,0.0002081343554891646,8.464803591897613e-07
387,droplet,18m,21m,female,Pancreas,Endocrine,pancreatic B cell,B3galnt1,2.2008132934570312,1.7761060007615015e-05,8.165442704921588e-05,0.00014110910706222057,4.502214015145147e-29
388,droplet,18m,21m,female,Mammary_Gland,nan,stromal cell,Gm12216,-2.199474811553955,0.00013849078095518053,3.0151779355946928e-05,0.00037769615300931036,3.961762997583739e-06
389,droplet,18m,21m,female,Lung,nan,NK cell,Sftpc,2.196822166442871,0.0001254686649190262,0.0005752341821789742,0.00045865430729463696,1.358948211728188e-26
390,droplet,18m,21m,female,Marrow,nan,granulocyte,Osm,2.1916513442993164,1.6335116015397944e-05,7.462341454811394e-05,0.00014564271259587258,3.801238950826129e-29
391,droplet,18m,21m,female,Kidney,nan,kidney proximal convoluted tubule epithelial cell,Hook1,-2.183044910430908,3.15008255711291e-05,6.936812042113161e-06,6.841464346507564e-05,1.5692956143591186e-16
392,droplet,18m,21m,female,Marrow,nan,erythroblast,Rps28,-2.1814076900482178,0.0036428705789148808,0.0008031092584133148,0.0016299332492053509,5.549124839280209e-28
393,droplet,18m,21m,female,Fat,Scat,epithelial cell,Sparc,2.178502082824707,5.8591089327819645e-05,0.0002652320545166731,0.00019277191313449293,4.931560577281419e-07
394,droplet,18m,21m,female,Mammary_Gland,nan,luminal epithelial cell of mammary gland,Slc12a2,-2.1714329719543457,0.0012354261707514524,0.0002742523211054504,0.0014809342101216316,1.4265115435032836e-62
395,droplet,18m,21m,female,Liver,Hepatocytes,hepatocyte,Rps15a-ps4,2.1711184978485107,4.7066332626855e-05,0.00021197377645876259,0.00019617730868048966,2.7224868430580756e-24
396,droplet,18m,21m,female,Lung,nan,vein endothelial cell,Sftpc,2.168928623199463,0.00012924332986585796,0.0005811934825032949,0.0005159576539881527,7.088838866508034e-08
397,droplet,18m,21m,female,Pancreas,Endocrine,pancreatic B cell,Cela3b,2.1670684814453125,9.191780554829165e-05,0.0004128119326196611,0.0004187155282124877,1.1483015134318442e-54
398,droplet,18m,21m,female,Marrow,nan,granulocytopoietic cell,Bank1,2.1665163040161133,1.6758278434281237e-05,7.523429667344317e-05,0.00018946538330055773,8.131136852269902e-12
399,droplet,18m,21m,female,Pancreas,Exocrine,pancreatic acinar cell,Rps25,2.166449785232544,0.00010872812708839774,0.00048809940926730633,0.00036848318995907903,1.229296760448617e-07
400,droplet,18m,21m,female,Mammary_Gland,nan,luminal epithelial cell of mammary gland,Dgat2,-2.1656200885772705,0.0002482600975781679,5.533377770916559e-05,0.0004922833759337664,5.777214991852038e-24
401,droplet,18m,21m,female,Spleen,nan,B cell,Tmem41a,2.165280342102051,2.75684237749374e-06,1.2365918337309267e-05,5.571761721512303e-05,1.4393696722634125e-07
402,droplet,18m,21m,female,Marrow,nan,granulocytopoietic cell,H2-Oa,2.1643826961517334,2.6684370823204517e-05,0.00011961925338255242,0.00028295969241298735,1.6592402088383872e-13
403,droplet,18m,21m,female,Spleen,nan,mature NK T cell,Fos,-2.1608946323394775,0.0001965072297025472,4.394246934680268e-05,0.00029915195773355663,2.27596555003698e-17
404,droplet,18m,21m,female,Fat,Scat,endothelial cell,Rps15a-ps4,2.1601243019104004,0.0002403599937679246,0.001074297120794654,0.000591228948906064,4.1864695365379556e-67
405,droplet,18m,21m,female,Mammary_Gland,nan,luminal epithelial cell of mammary gland,Ptn,-2.1588399410247803,0.00021094258408993483,4.723769598058425e-05,0.0003991333651356399,5.097089257099844e-19
406,droplet,18m,21m,female,Marrow,nan,hematopoietic precursor cell,Fos,2.15814471244812,6.50356596452184e-05,0.00029028046992607415,0.00041996448999270797,1.1402032709586349e-14
407,droplet,18m,21m,female,Pancreas,Endocrine,pancreatic B cell,Lonrf3,2.1576120853424072,7.4577287705324125e-06,3.3274583984166384e-05,9.1178146249149e-05,2.516307810724319e-08
408,droplet,18m,21m,female,Fat,Scat,B cell,Rps15a-ps4,2.152578115463257,0.0008306323434226215,0.003693171078339219,0.0017681586323305964,2.2480995363294383e-21
409,droplet,18m,21m,female,Mammary_Gland,nan,luminal epithelial cell of mammary gland,Agtr1a,-2.1491153240203857,0.000171820298419334,3.8737027352908626e-05,0.0002481972042005509,1.2220790623154416e-34
410,droplet,18m,21m,female,Lung,nan,adventitial cell,Scgb1a1,2.148786783218384,0.0002287617389811203,0.0010144546395167708,0.0006518979207612574,3.8006364135332565e-08
411,droplet,18m,21m,female,Spleen,nan,B cell,Fos,-2.1477227210998535,0.0003255727351643145,7.347152859438211e-05,0.00042890163604170084,4.6532451434927007e-290
412,droplet,18m,21m,female,Marrow,nan,NK cell,Atp5k,-2.147256851196289,0.0004503279342316091,0.0001016576643451117,0.00023207039339467883,7.053730920922793e-06
413,droplet,18m,21m,female,Lung,nan,mature NK T cell,Ahnak,-2.1458468437194824,0.0009499744628556073,0.00021465829922817647,0.0008038653759285808,2.3480784187672508e-11
414,droplet,18m,21m,female,Kidney,nan,fibroblast,Luzp1,-2.140805721282959,0.0002145374019164592,4.864701986662112e-05,5.540463826037012e-05,1.480130894116308e-08
415,droplet,18m,21m,female,Marrow,nan,proerythroblast,Junb,2.1364614963531494,0.00016860781761351973,0.000741338764782995,0.0006918225553818047,8.046371772585825e-22
416,droplet,18m,21m,female,Fat,Scat,mesenchymal stem cell of adipose,Rps15a-ps4,2.135467529296875,0.0004392324190121144,0.001929897116497159,0.0009853189112618566,2.114548872957316e-103
417,droplet,18m,21m,female,Marrow,nan,granulocyte,Dusp1,2.1335270404815674,3.440125146880746e-05,0.00015094886475708336,0.0002435823407722637,9.74863836435206e-46
418,droplet,18m,21m,female,Lung,nan,"CD8-positive, alpha-beta T cell",Ifitm2,2.1334879398345947,2.888219569285866e-05,0.00012672843877226114,0.00017664337065070868,1.420339886370611e-08
419,droplet,18m,21m,female,Lung,nan,mature NK T cell,Sftpc,2.130573272705078,0.00012714718468487263,0.0005567666376009583,0.000428372120950371,1.8735676971378836e-06
420,droplet,18m,21m,female,Fat,Scat,endothelial cell,Fn1,2.127469539642334,3.622834265115671e-05,0.00015829989570192993,0.00021988067601341754,2.2275067831666465e-06
421,droplet,18m,21m,female,Fat,Scat,myeloid cell,Gm6222,2.124706745147705,6.053385368431918e-05,0.0002639968879520893,0.00023779761977493763,5.781021986716949e-17
422,droplet,18m,21m,female,Lung,nan,B cell,Sftpc,2.1234800815582275,0.0001306229823967442,0.0005691815749742091,0.0004969794536009431,6.620321415419757e-50
423,droplet,18m,21m,female,Marrow,nan,megakaryocyte-erythroid progenitor cell,Rps28,-2.1160616874694824,0.0027494223322719336,0.0006342250853776932,0.001250361674465239,2.865578567385911e-83
424,droplet,18m,21m,female,Kidney,nan,kidney proximal convoluted tubule epithelial cell,Slc12a1,2.1114258766174316,9.155030966212507e-06,3.956055661546998e-05,7.928113336674869e-05,1.135008458072211e-17
425,droplet,18m,21m,female,Kidney,nan,kidney proximal convoluted tubule epithelial cell,Mia2,-2.109445810317993,1.7299054889008403e-05,4.008813448308501e-06,5.000149758416228e-05,6.3709503329016e-06
426,droplet,18m,21m,female,Spleen,nan,B cell,Timp2,2.108832836151123,3.900267074641306e-06,1.6823500118334778e-05,6.753801426384598e-05,6.417775490219831e-13
427,droplet,18m,21m,female,Marrow,nan,proerythroblast,Gadd45a,2.107590436935425,0.00010414181451778859,0.000448820908786729,0.0003940755850635469,9.177136600397178e-22
428,droplet,18m,21m,female,Marrow,nan,granulocytopoietic cell,H2-Eb1,2.1070408821105957,0.0003545422514434904,0.0015273918397724628,0.0027601311448961496,2.934836430209197e-24
429,droplet,18m,21m,female,Spleen,nan,B cell,Tmem51,2.1062448024749756,4.009413260064321e-06,1.7263295376324095e-05,7.435995939886197e-05,1.0519664729002663e-11
430,droplet,18m,21m,female,Lung,nan,classical monocyte,Sftpc,2.1061227321624756,9.98636387521401e-05,0.00042994561954401433,0.00030342795071192086,7.835484095534679e-48
431,droplet,18m,21m,female,Liver,Npc,NK cell,Gm9320,2.105966567993164,0.00028015326824970543,0.001206020824611187,0.0005181835731491446,3.767524450220435e-10
432,droplet,18m,21m,female,Kidney,nan,kidney proximal convoluted tubule epithelial cell,Tm4sf1,2.1036794185638428,4.3462091525725555e-06,1.8680188077269122e-05,5.1421349780866876e-05,6.081126274746116e-06
433,droplet,18m,21m,female,Marrow,nan,granulocytopoietic cell,Lat2,2.1028873920440674,1.7307793314103037e-05,7.43487908039242e-05,0.00019044236978515983,4.762964446487732e-11
434,droplet,18m,21m,female,Pancreas,Endocrine,pancreatic B cell,Acvr1c,2.099154472351074,7.572366939712083e-06,3.2444433600176126e-05,9.224051609635353e-05,1.6004034971008635e-07
435,droplet,18m,21m,female,Pancreas,Endocrine,leukocyte,Clps,2.098430633544922,0.0002003458357648924,0.0008579675341024995,0.0005771828582510352,2.6915993159986682e-08
436,droplet,18m,21m,female,Fat,Scat,epithelial cell,Rps15a-ps4,2.0942986011505127,0.0004253592051099986,0.0018163624918088317,0.0014205646002665162,1.053295012170525e-06
437,droplet,18m,21m,female,Lung,nan,vein endothelial cell,Smad6,2.0935215950012207,9.642184159019962e-05,0.0004115173942409456,0.0004047072434332222,3.3115512546830005e-06
438,droplet,18m,21m,female,Lung,nan,classical monocyte,Ramp2,2.0919349193573,1.5072899259394035e-05,6.425870378734544e-05,0.00010059697524411604,5.073503569234291e-06
439,droplet,18m,21m,female,Fat,Scat,mesenchymal stem cell of adipose,Gpihbp1,2.091140031814575,1.8976788851432502e-05,8.085718582151458e-05,0.00013523070083465427,5.093753632115182e-06
440,droplet,18m,21m,female,Lung,nan,B cell,C130026I21Rik,2.0785977840423584,6.444236350944266e-05,0.0002722022763919085,0.00039406478754244745,3.868840894933067e-14
441,droplet,18m,21m,female,Spleen,nan,B cell,S100a8,2.071786880493164,3.342367199365981e-05,0.00014051547623239458,0.0002132235822500661,2.9021662134465018e-157
442,droplet,18m,21m,female,Marrow,nan,granulocytopoietic cell,Gimap3,2.0695641040802,1.3839070561516564e-05,5.809085996588692e-05,0.00016026747471187264,1.5566648972694087e-07
443,droplet,18m,21m,female,Marrow,nan,proerythroblast,2310036O22Rik,2.062979221343994,2.9361111955950037e-05,0.00012268491263967007,0.00017074414063245058,5.755764866936046e-07
444,droplet,18m,21m,female,Pancreas,Endocrine,pancreatic B cell,Txnrd2,2.0577471256256104,8.544072443328332e-06,3.5572025808505714e-05,9.187078103423119e-05,2.9759393151762076e-09
445,droplet,18m,21m,female,Marrow,nan,granulocytopoietic cell,Ier3,2.0541772842407227,6.8321537582960445e-06,2.8374393878038973e-05,6.411051435861737e-05,1.9074747446740373e-11
446,droplet,18m,21m,female,Spleen,nan,B cell,Clip2,2.0538010597229004,3.763763970709988e-06,1.562709076097235e-05,6.323693378362805e-05,3.42581139380557e-11
447,droplet,18m,21m,female,Spleen,nan,B cell,1810046K07Rik,2.050802707672119,4.192788765067235e-06,1.7372254660585895e-05,7.3694005550351e-05,2.749593385211259e-11
448,droplet,18m,21m,female,Marrow,nan,granulocyte,Rps28,-2.047816038131714,0.0006490478990599513,0.00015697217895649374,0.0004893104778602719,7.059853137007737e-102
449,droplet,18m,21m,female,Spleen,nan,proerythroblast,Itga4,-2.0474390983581543,0.0004390090180095285,0.0001062020382960327,0.0003819922567345202,1.4080932780559795e-11
450,droplet,18m,21m,female,Mammary_Gland,nan,luminal epithelial cell of mammary gland,Vwf,-2.046339511871338,2.070883783744648e-05,5.013558620703407e-06,5.8970075770048425e-05,2.4664490767232267e-06
451,droplet,18m,21m,female,Fat,Scat,B cell,Gsn,2.045360803604126,0.0003155633748974651,0.001302571501582861,0.0006713787443004549,6.41716293439833e-16
452,droplet,18m,21m,female,Marrow,nan,granulocytopoietic cell,Junb,2.0419397354125977,7.710127101745456e-05,0.0003175021556671709,0.0005007579457014799,2.047306493722228e-37
453,droplet,18m,21m,female,Lung,nan,B cell,Evi2a,2.0374176502227783,2.635329838085454e-05,0.00010818296141223982,0.00019129893917124718,2.2861139444803843e-09
454,droplet,18m,21m,female,Spleen,nan,B cell,Elk4,-2.0340516567230225,1.2428091395122465e-05,3.0345461254910333e-06,5.681713082594797e-05,1.394354388974055e-06
455,droplet,18m,21m,female,Marrow,nan,macrophage,Prss34,2.032500743865967,1.1159709174535237e-05,4.56558664154727e-05,4.2033316276501864e-05,1.7671486637086722e-08
456,droplet,18m,21m,female,Spleen,nan,B cell,Plcd3,2.0285911560058594,3.021534439540119e-06,1.2328052434895653e-05,5.641460666083731e-05,1.6312938288429702e-06
457,droplet,18m,21m,female,Liver,Hepatocytes,hepatocyte,Gstp1,2.026252508163452,7.02088582329452e-05,0.0002859925152733922,0.0004498101770877838,4.239442152884298e-07
458,droplet,18m,21m,female,Marrow,nan,granulocytopoietic cell,Gimap4,2.02535343170166,2.6775873266160488e-05,0.00010900233610300347,0.000258729764027521,1.8103671895547834e-11
459,droplet,18m,21m,female,Marrow,nan,proerythroblast,Retnlg,2.025226593017578,0.012823310680687428,0.052198030054569244,0.026380548253655434,3.8812347360101227e-22
460,droplet,18m,21m,female,Mammary_Gland,nan,luminal epithelial cell of mammary gland,Rpl26,-2.0242462158203125,2.0300947653595358e-05,4.990653906133957e-06,4.968344364897348e-05,1.2142307468825498e-08
461,droplet,18m,21m,female,Liver,Hepatocytes,hepatocyte,Rps15a-ps6,2.0211730003356934,2.42496589635266e-05,9.843269072007388e-05,0.00012272961612325162,5.451223790599446e-10
462,droplet,18m,21m,female,Kidney,nan,kidney proximal convoluted tubule epithelial cell,Slc12a3,2.0187511444091797,8.168838576239068e-06,3.3102820452768356e-05,6.834178202552721e-05,1.6736748843854115e-13
463,droplet,18m,21m,female,Pancreas,Endocrine,pancreatic B cell,Dnmt3b,2.0176870822906494,8.727914973860607e-06,3.534230563673191e-05,9.128446254180744e-05,8.592417858088091e-09
464,droplet,18m,21m,female,Pancreas,Endocrine,pancreatic B cell,Cdkn1a,-2.0160622596740723,4.7882040234981105e-05,1.1837974852824118e-05,0.00012755280476994812,3.817399425812979e-06
465,droplet,18m,21m,female,Fat,Scat,mesenchymal stem cell of adipose,Aqp1,2.014383316040039,2.2888330931891687e-05,9.247065463569015e-05,0.00011925297440029681,1.061254039758382e-09
466,droplet,18m,21m,female,Fat,Scat,endothelial cell,Gm6222,2.013120651245117,0.00012266782869119197,0.0004951540613546968,0.00033345285919494927,1.0192214107610666e-35
467,droplet,18m,21m,female,Pancreas,Endocrine,pancreatic B cell,C2cd4a,2.012816905975342,1.4835702131676953e-05,5.98723599978257e-05,0.00018911962979473174,3.6032927456194328e-06
468,droplet,18m,21m,female,Marrow,nan,granulocytopoietic cell,Ly6a,2.0052919387817383,6.99676456861198e-05,0.0002808990248013288,0.0008015258354134858,8.047741298503477e-07
469,droplet,18m,21m,female,Fat,Scat,B cell,Gm9320,2.002422332763672,0.00031976631726138294,0.0012812147615477443,0.0007869779947213829,6.10440214922745e-10
470,droplet,18m,21m,female,Kidney,nan,lymphocyte,Kap,2.0023841857910156,7.665158045710996e-05,0.00030711342697031796,0.00015573797281831503,1.7195670523772154e-13
