,Dataset,Start age,End age,sex,Gene,dExpression,Expression at start age,Expression at end age,Max expression std. dev,Confidence (p-value)
0,droplet,3m,21m,female,Ins1,272385.8125,9.35636457199962e-09,0.0025488133542239666,0.01550618838518858,1.0812611391687321e-206
1,droplet,3m,21m,female,Clps,226880.3125,8.298249865035245e-10,0.00018849782645702362,0.0027583243791013956,1.1060300141798306e-32
2,droplet,3m,21m,female,Ins2,59818.98828125,1.3472934767833067e-07,0.008059432730078697,0.048406943678855896,3.597866130834103e-212
3,droplet,3m,21m,female,Sst,22813.181640625,1.865071119766526e-08,0.00042550486978143454,0.007862471044063568,2.723753018750103e-19
4,droplet,3m,21m,female,Ctrb1,19270.736328125,1.9986035937336055e-08,0.0003851648943964392,0.00538907665759325,3.294542374919843e-36
5,droplet,3m,21m,female,Ppy,16376.2236328125,4.928646646362722e-08,0.0008071425254456699,0.014905959367752075,2.5161268964648787e-19
6,droplet,3m,21m,female,Gcg,11696.5361328125,8.049083533023804e-08,0.0009414756787009537,0.014665466733276844,1.4251268197411239e-28
7,droplet,3m,21m,female,Krt13,11012.376953125,0.0002623251057229936,2.381993446931574e-08,0.001933750812895596,1.3814581736121744e-90
8,droplet,3m,21m,female,Resp18,8153.04638671875,8.17323009272286e-09,6.664487591478974e-05,0.0005477626691572368,2.2416758799384e-99
9,droplet,3m,21m,female,Cela3b,7881.21435546875,1.6238585587302623e-08,0.0001279876596527174,0.0017768662655726075,2.0143969250067092e-36
10,droplet,3m,21m,female,Chga,7033.18798828125,4.400881437049975e-08,0.0003095292777288705,0.0021255556493997574,3.7231098179914766e-160
11,droplet,3m,21m,female,Cela2a,5929.07861328125,1.0418621343433188e-07,0.0006177342147566378,0.008673801086843014,5.993444925641403e-36
12,droplet,3m,21m,female,Pyy,5655.12158203125,5.752842113793122e-08,0.00032533585908822715,0.004685006570070982,5.808009261001772e-34
13,droplet,3m,21m,female,2310002L13Rik,5418.537109375,1.565469392517116e-05,2.888099537301514e-09,0.00011580663704080507,1.726641021957828e-30
14,droplet,3m,21m,female,2210010C04Rik,4534.78662109375,4.521803376178468e-08,0.00020505866268649697,0.00281732645817101,1.5631093905038747e-37
15,droplet,3m,21m,female,Pnliprp1,4378.53662109375,2.2194088344917873e-08,9.718201181385666e-05,0.0014169183559715748,1.8451040376539104e-32
16,droplet,3m,21m,female,Slc30a8,4270.3857421875,5.10542630394184e-09,2.180641058657784e-05,0.0001533576869405806,7.91779294720585e-59
17,droplet,3m,21m,female,Krt4,2612.463623046875,0.00048191225505433977,1.844655912464077e-07,0.004678604658693075,5.2626457270558014e-51
18,droplet,3m,21m,female,Krt6b,2411.2392578125,4.743202589452267e-05,1.9670222783929603e-08,0.0007782268803566694,6.7429716102058025e-15
19,droplet,3m,21m,female,Scg2,2157.228271484375,2.756735817399658e-08,5.947124009253457e-05,0.00038274817052297294,2.690970573205324e-147
20,droplet,3m,21m,female,Serpinb3a,2045.4276123046875,2.7795736968982965e-05,1.3588206115855428e-08,0.0003123774949926883,2.892371389401051e-29
21,droplet,3m,21m,female,Krt84,2044.3284912109375,2.861151733668521e-05,1.3994557512830852e-08,0.0006335898651741445,2.0361602328549386e-06
22,droplet,3m,21m,female,Chgb,1930.0194091796875,3.275447113537666e-08,6.321869295788929e-05,0.0005206795176491141,1.0238483917966028e-97
23,droplet,3m,21m,female,Krt77,1606.7586669921875,1.4291937411314848e-08,2.296530146850273e-05,0.000151933723827824,4.428025562318629e-66
24,droplet,3m,21m,female,Cel,1257.60595703125,6.144784236994383e-08,7.727843330940232e-05,0.001172879128716886,2.1957497445505625e-29
25,droplet,3m,21m,female,Oas1f,1208.248291015625,1.2012137950989654e-08,1.4514854228764307e-05,5.9593185142148286e-05,4.512117968908389e-38
26,droplet,3m,21m,female,Cpb1,1133.183837890625,1.43581189604447e-07,0.00016270500782411546,0.0023072664625942707,6.982402018222158e-35
27,droplet,3m,21m,female,Tmprss11a,1102.4923095703125,1.5087068277352955e-05,1.368351032482451e-08,8.171000808943063e-05,5.197061802133583e-35
28,droplet,3m,21m,female,Pcsk2,1050.787353515625,1.3877162530206988e-07,0.00014582050789613277,0.0008818521164357662,1.761123769372232e-199
29,droplet,3m,21m,female,Zg16,989.225341796875,6.895897541880913e-08,6.821695569669828e-05,0.0009189989068545401,1.4675572200985968e-37
30,droplet,3m,21m,female,Pnliprp2,936.2059936523438,2.0486758955939877e-08,1.918076304718852e-05,0.00029682129388675094,1.4490617676853313e-19
31,droplet,3m,21m,female,G6pc2,777.6700439453125,3.522683300616336e-08,2.739562842180021e-05,0.00019902210624422878,1.0349560960161987e-73
32,droplet,3m,21m,female,Sycn,727.775146484375,1.4397828351775388e-07,0.00010478453623363748,0.0013826554641127586,2.9341242969087222e-40
33,droplet,3m,21m,female,Defb6,697.7388305664062,9.62868327292199e-08,6.718376243952662e-05,0.0009807571768760681,1.290032733187913e-31
34,droplet,3m,21m,female,Cpa2,446.7199401855469,1.1177419878549699e-07,4.993221227778122e-05,0.0007292490918189287,1.5427064966317587e-30
35,droplet,3m,21m,female,Ctrl,369.7546081542969,3.6776597767129715e-07,0.0001359835296170786,0.0019351408118382096,2.288781545511527e-34
36,droplet,3m,21m,female,Nkx6-1,344.09991455078125,2.9674669832502332e-08,1.0211395419901237e-05,8.343621448148042e-05,2.290220479175676e-15
37,droplet,3m,21m,female,Tff2,324.73779296875,2.9905415033226745e-08,9.711742677609436e-06,0.00014084573194850236,1.2787475753068596e-09
38,droplet,3m,21m,female,Prss2,301.44732666015625,1.1728649269571179e-06,0.0003535573196131736,0.004835944157093763,9.305628545260087e-38
39,droplet,3m,21m,female,Pcsk1n,289.51873779296875,3.8155656056915177e-07,0.0001104680632124655,0.0006953086121939123,5.823733226851017e-178
40,droplet,3m,21m,female,Krt1,251.82191467285156,1.1219973430343089e-06,0.00028254376957193017,0.0014848244609311223,1.7890348964736788e-271
41,droplet,3m,21m,female,Ptprn2,189.04620361328125,6.827388432384396e-08,1.2907107702631038e-05,9.385484736412764e-05,3.0875912657471235e-25
42,droplet,3m,21m,female,Calm5,175.52711486816406,1.770960835756341e-07,3.108533928752877e-05,0.00013196778309065849,5.151928611543008e-136
43,droplet,3m,21m,female,Pla2g1b,130.92779541015625,1.7919484207595815e-07,2.346171640965622e-05,0.00034688517916947603,1.643170982460732e-23
44,droplet,3m,21m,female,Pax6,128.4520263671875,7.004059909831994e-08,8.99698534340132e-06,6.976401346037164e-05,9.615279257996055e-12
45,droplet,3m,21m,female,Wdr65,124.48423767089844,8.359795344858867e-08,1.0406752153357957e-05,4.6284814743557945e-05,2.3880318670675086e-18
46,droplet,3m,21m,female,Cyp2c54,112.64281463623047,1.23176623674226e-05,1.0935050909210986e-07,0.00011362523218849674,1.8461617335053995e-17
47,droplet,3m,21m,female,Klk5,105.8798828125,7.847410898875751e-08,8.308935321110766e-06,7.994614134076983e-05,5.319404112885529e-09
48,droplet,3m,21m,female,Pdia2,93.60218811035156,1.0645701564726551e-07,9.964703167497646e-06,0.00015713936591055244,5.219951813434391e-09
49,droplet,3m,21m,female,1110032A04Rik,90.78209686279297,1.5217692634905688e-05,1.6762778898282704e-07,0.00011838577484013513,2.313513669175292e-27
50,droplet,3m,21m,female,Serpina3h,76.1281967163086,1.0422231611073585e-07,7.934333552839234e-06,3.503728657960892e-05,2.2081483730466514e-09
51,droplet,3m,21m,female,A330076H08Rik,63.40585708618164,6.175731073199131e-07,3.9157817809609696e-05,0.00026995775988325477,1.5094365182059848e-102
52,droplet,3m,21m,female,Rnase1,61.24041748046875,1.4995600849943003e-06,9.183374640997499e-05,0.0012132106348872185,1.2836708578861115e-38
53,droplet,3m,21m,female,Sprr1b,56.29600524902344,2.6693094696383923e-05,4.741551151710155e-07,0.0003021711891051382,3.5917821516897415e-27
54,droplet,3m,21m,female,Ptprn,55.283531188964844,2.520012287732243e-07,1.3931572539149784e-05,9.987783414544538e-05,2.952208367774435e-28
55,droplet,3m,21m,female,Alox12e,54.64018630981445,2.703521602143155e-07,1.4772146641917061e-05,0.0001448788243578747,2.828873697004446e-25
56,droplet,3m,21m,female,2610528A11Rik,53.97090530395508,2.9936220016679727e-05,5.546722832150408e-07,0.000224784278543666,3.905965808747749e-56
57,droplet,3m,21m,female,Vsig8,50.23135757446289,1.5367129890364595e-05,3.059260222926241e-07,8.068504394032061e-05,4.059585799326432e-35
58,droplet,3m,21m,female,Pax9,49.994808197021484,1.4425076187762897e-05,2.885304866140359e-07,6.86177663737908e-05,1.2086585166075419e-32
59,droplet,3m,21m,female,Serpina1e,48.42549133300781,5.82652137381956e-05,1.2031920277877362e-06,0.0006306404247879982,3.308120121717043e-36
60,droplet,3m,21m,female,Abcc8,46.13056945800781,5.471113695421082e-07,2.5238605303457007e-05,0.00016413057164754719,8.064548579579671e-72
61,droplet,3m,21m,female,Gpx2,40.86288833618164,4.89998419652693e-05,1.1991271549049998e-06,0.0002436521026538685,1.4983516882736228e-137
62,droplet,3m,21m,female,Cyp3a11,40.4463996887207,8.109319605864584e-05,2.004953785217367e-06,0.0006466108025051653,4.758869784879161e-69
63,droplet,3m,21m,female,Krt6a,37.5863037109375,0.0003683299000840634,9.799577128433157e-06,0.0025358337443321943,8.673361231057816e-99
64,droplet,3m,21m,female,Gp2,37.246925354003906,4.943290150549728e-07,1.8412274584989063e-05,0.00027936199330724776,2.086132981057467e-18
65,droplet,3m,21m,female,Tmem215,34.039249420166016,2.0948350254457182e-07,7.130694939405657e-06,5.9913090808549896e-05,5.973480944521911e-06
66,droplet,3m,21m,female,Pitx1,33.93928146362305,1.9463019270915538e-05,5.734648311772617e-07,7.62876879889518e-05,1.5517414812050581e-58
67,droplet,3m,21m,female,Disp2,32.62981414794922,3.3389727605026565e-07,1.0895038030867e-05,8.10795245342888e-05,6.68989458925846e-17
68,droplet,3m,21m,female,Lhx2,31.015031814575195,3.1230860031428165e-07,9.686292287369724e-06,9.805310401134193e-05,1.556179571934471e-11
69,droplet,3m,21m,female,Tgm3,28.540363311767578,4.92945546284318e-05,1.7271863725909498e-06,0.0003755613579414785,5.421204413258156e-67
70,droplet,3m,21m,female,Cnfn,27.170976638793945,6.17030673311092e-05,2.2709173208568245e-06,0.0007024751394055784,2.101825610421825e-31
71,droplet,3m,21m,female,Pla2g2f,25.87495994567871,5.739567541240831e-07,1.4851134437776636e-05,7.887889660196379e-05,3.6532241812408935e-34
72,droplet,3m,21m,female,Krt16,24.660303115844727,0.00014013548207003623,5.682633400283521e-06,0.0015503157628700137,9.501850401847623e-35
73,droplet,3m,21m,female,Gpha2,22.705917358398438,9.59628096097731e-07,2.1789259335491806e-05,0.00011015296331606805,6.245228129758634e-64
74,droplet,3m,21m,female,Wnt3,22.33306121826172,5.12683243414358e-07,1.1449808880570345e-05,4.799521411769092e-05,7.72065124968105e-21
75,droplet,3m,21m,female,Igfbp2,21.970884323120117,0.00015911397349555045,7.242036645038752e-06,0.000704839825630188,1.1054493159535446e-220
76,droplet,3m,21m,female,Insrr,21.85645294189453,3.9900967863104597e-07,8.720958248886745e-06,7.209750037873164e-05,2.677824022199939e-09
77,droplet,3m,21m,female,Pitx2,20.81136131286621,8.301944035338238e-06,3.989130448189826e-07,4.0085687942337245e-05,3.4567927763367558e-09
78,droplet,3m,21m,female,C130026I21Rik,20.64495277404785,3.246216465413454e-06,6.701800157316029e-05,0.00021800001559313387,0.0
79,droplet,3m,21m,female,Pou3f1,20.440385818481445,3.19874220622296e-06,6.538354500662535e-05,0.00021836637461092323,0.0
80,droplet,3m,21m,female,Sez6l2,20.20532989501953,6.689972451567883e-07,1.3517330444301479e-05,9.355736983707175e-05,3.859318721742566e-25
81,droplet,3m,21m,female,Pou2f3,19.233694076538086,4.0202746731665684e-07,7.732492122158874e-06,3.3689917472656816e-05,8.153481385927447e-08
82,droplet,3m,21m,female,Mug1,17.200653076171875,1.8473767340765335e-05,1.0740144489318482e-06,0.0001679354318184778,2.1797017465259442e-26
83,droplet,3m,21m,female,Krt79,17.055971145629883,5.2523200793075375e-06,8.958343096310273e-05,0.0010429101530462503,1.6230271566021597e-45
84,droplet,3m,21m,female,Prss53,15.995885848999023,2.073765699606156e-06,3.3171734685311094e-05,0.00022392923710867763,5.189431689064238e-83
85,droplet,3m,21m,female,Gzmk,15.468692779541016,5.146534363120736e-07,7.961031769809779e-06,8.019265806069598e-05,1.3078305918252724e-06
86,droplet,3m,21m,female,Ccl27a,15.366124153137207,1.0028737051470671e-05,0.00015410283231176436,0.0006109176320023835,0.0
87,droplet,3m,21m,female,Krt10,15.199254035949707,5.7278939493699e-05,0.0008705971413291991,0.004383460618555546,8.245745181967631e-248
88,droplet,3m,21m,female,Scg5,15.194766998291016,1.3824459301758907e-06,2.1005958842579275e-05,0.0001528059074189514,1.0808046006999932e-46
89,droplet,3m,21m,female,Serpina3k,14.15636920928955,0.0003510556707624346,2.4798424419714138e-05,0.002533962717279792,1.2728073357205218e-80
90,droplet,3m,21m,female,Cyp2c50,13.714141845703125,2.6529327442403883e-05,1.9344495285622543e-06,0.000231475816690363,3.665214698985753e-36
91,droplet,3m,21m,female,Upk3a,13.419230461120605,1.697097650321666e-05,1.2646747791222879e-06,0.00023362651700153947,1.6740554232717346e-12
92,droplet,3m,21m,female,Dsc2,13.007391929626465,1.2469941793824546e-05,9.586801752448082e-07,8.15482999314554e-05,6.499139593001017e-19
93,droplet,3m,21m,female,Cela1,12.514962196350098,1.8592167180031538e-05,0.00023268029326573014,0.002838311018422246,1.7861394005011164e-40
94,droplet,3m,21m,female,Ccrl1,12.457723617553711,1.1811750937340548e-06,1.4714765711687505e-05,6.844008748885244e-05,3.1417360732510317e-31
95,droplet,3m,21m,female,Cst6,12.170907020568848,1.695419632596895e-05,0.00020634796237573028,0.004074421711266041,2.841148494770415e-13
96,droplet,3m,21m,female,Pak3,11.082589149475098,8.108303291010088e-07,8.986110515252221e-06,4.4924996473127976e-05,3.3171493442432996e-10
97,droplet,3m,21m,female,2310033E01Rik,10.797576904296875,1.4229142834665254e-05,1.3178079143472132e-06,0.00010094743629451841,3.2480675699322615e-21
98,droplet,3m,21m,female,Ces3a,10.644922256469727,1.7243008187506348e-05,1.619833028598805e-06,0.00014043791452422738,3.9948963343175793e-25
99,droplet,3m,21m,female,Mup20,10.322381019592285,8.95812627277337e-06,8.678342737766798e-07,0.00010461059719091281,3.4657456589377815e-06
100,droplet,3m,21m,female,Gm7609,9.878609657287598,1.2802349829144077e-06,1.26469512906624e-05,6.40637954347767e-05,2.1291256746425894e-21
101,droplet,3m,21m,female,Zbtb32,9.70151424407959,1.4126841278994107e-06,1.3705185665457975e-05,8.053003693930805e-05,6.89669570116835e-24
102,droplet,3m,21m,female,Slc2a5,9.615649223327637,1.243155907104665e-06,1.1953760804317426e-05,6.840267451480031e-05,2.538827286935435e-18
103,droplet,3m,21m,female,2810007J24Rik,9.502239227294922,1.6874473658390343e-05,1.7758407011569943e-06,0.00013462961942423135,4.59280940028948e-24
104,droplet,3m,21m,female,Akr1c18,8.858704566955566,2.8595823096111417e-06,2.5332203222205862e-05,0.00024454458616673946,1.3143470346827837e-35
105,droplet,3m,21m,female,Mt4,8.366876602172852,0.000588118564337492,7.02912948327139e-05,0.003550302004441619,1.1928065050422973e-104
106,droplet,3m,21m,female,Cyp2c40,8.314079284667969,1.5774550774949603e-05,1.8973287296830676e-06,0.0001303401222685352,1.6686169720158523e-20
107,droplet,3m,21m,female,Serpinb12,8.28563404083252,1.3312620467331726e-05,1.6067101569205988e-06,0.0001605996221769601,1.0639288934490273e-10
108,droplet,3m,21m,female,Mup3,8.275882720947266,0.00019882422930095345,2.4024531739996746e-05,0.0014986747410148382,3.963533793903626e-63
109,droplet,3m,21m,female,C2cd4b,8.269298553466797,4.6744526116526686e-06,3.865445250994526e-05,0.0002463421260472387,2.2796933090288666e-78
110,droplet,3m,21m,female,Hs3st6,8.21506118774414,3.5410484997555614e-06,2.9089938834658824e-05,9.594456059858203e-05,2.688961534029523e-107
111,droplet,3m,21m,female,Krt24,8.04021167755127,5.384210089687258e-05,6.696601303701755e-06,0.000537979940418154,2.411917788414028e-32
112,droplet,3m,21m,female,Scel,7.976227760314941,2.4181197204597993e-06,1.9287481336505152e-05,7.264885061886162e-05,2.7169227393710014e-49
113,droplet,3m,21m,female,Bex2,7.784498691558838,1.2590065807671635e-06,9.80074310064083e-06,6.500146992038935e-05,1.6496860735300814e-10
114,droplet,3m,21m,female,Aplp1,7.093332290649414,3.309745125079644e-06,2.3477128706872463e-05,0.00014360570639837533,1.7429539058744635e-51
115,droplet,3m,21m,female,Gjb5,6.794157981872559,2.2295487269730074e-06,1.5147912563406862e-05,7.165120041463524e-05,7.600634276397824e-28
116,droplet,3m,21m,female,Tmprss4,6.586481094360352,2.408731916148099e-06,1.5865072782617062e-05,7.575938070658594e-05,6.007794826090339e-30
117,droplet,3m,21m,female,Apoa1,6.322821140289307,0.00032961886608973145,5.2131614211248234e-05,0.002328714821487665,1.9967257225501745e-65
118,droplet,3m,21m,female,Cacna1s,6.195037364959717,3.0202152174751973e-06,1.8710352378548123e-05,9.449900244362652e-05,9.083049549246135e-38
119,droplet,3m,21m,female,Tmem45a,5.981876850128174,1.2479243196139578e-05,7.46493024053052e-05,0.0002370050351601094,2.598769979545085e-305
120,droplet,3m,21m,female,Cyp2c69,5.713798999786377,4.973755494575016e-05,8.704812898940872e-06,0.0003976031148340553,2.408328964910758e-41
121,droplet,3m,21m,female,Mrgprg,5.692492961883545,2.074019676001626e-06,1.1806347174569964e-05,0.00015847651229705662,8.851302472680931e-08
122,droplet,3m,21m,female,Slco1b2,5.618649959564209,2.62794073933037e-05,4.677173819800373e-06,0.00022298606927506626,9.016150274367644e-28
123,droplet,3m,21m,female,Ivl,5.462302207946777,2.1693380404030904e-05,3.971470960095758e-06,0.00024442962603643537,1.4625058369349472e-15
124,droplet,3m,21m,female,Mup2,5.310590744018555,2.47836815105984e-05,4.666839686251478e-06,0.0003076277789659798,2.5518599306928413e-13
125,droplet,3m,21m,female,Bbox1,5.301187992095947,2.5722251848492306e-06,1.3635853974847123e-05,5.515379962162115e-05,2.2137335911936963e-20
126,droplet,3m,21m,female,Crp,5.292496204376221,1.7055004718713462e-05,3.2224868391494965e-06,0.00013625518477056175,4.2218893516586286e-19
127,droplet,3m,21m,female,Kap,5.252803325653076,6.462558667408302e-05,0.00033946550684049726,0.006133022718131542,6.861971699083857e-08
128,droplet,3m,21m,female,Aadat,5.181013584136963,7.1512376962346025e-06,3.7050664104754105e-05,0.0004947552806697786,2.49731794190602e-17
129,droplet,3m,21m,female,Klk10,5.161131858825684,1.2687816706602462e-05,2.4583391677879263e-06,9.070176020031795e-05,5.340952066956179e-13
130,droplet,3m,21m,female,Clca2,5.138225555419922,8.753536349104252e-06,4.4977648940403014e-05,0.00017249130178242922,2.222975955369795e-137
131,droplet,3m,21m,female,Il20rb,5.137138843536377,3.274678647358087e-06,1.6822483303258196e-05,6.0596245020860806e-05,9.105414638170819e-32
132,droplet,3m,21m,female,Irx5,5.024957180023193,3.1853444397711428e-06,1.6006224541342817e-05,6.11560681136325e-05,5.69103665256332e-28
133,droplet,3m,21m,female,Il34,4.944495677947998,4.711639576271409e-06,2.3296686777030118e-05,8.416931086685508e-05,2.7117555312686957e-56
134,droplet,3m,21m,female,Syt13,4.883886337280273,3.879460109601496e-06,1.8946846466860734e-05,0.00011248338705627248,1.3238742698694256e-31
135,droplet,3m,21m,female,Aldh3a1,4.771198272705078,4.5012398913968354e-05,9.434190360479988e-06,0.0003298744559288025,9.057524805825292e-45
136,droplet,3m,21m,female,Hist1h2ab,4.762735366821289,9.011951988213696e-06,1.8921788296211162e-06,6.362497515510768e-05,7.508347675446026e-06
137,droplet,3m,21m,female,Akr1c6,4.719275951385498,2.8712434868793935e-05,6.084075266699074e-06,0.0002286541130160913,1.13833583616702e-28
138,droplet,3m,21m,female,Cyp2c70,4.716191291809082,1.950330079125706e-05,4.135391463933047e-06,0.00014945420844014734,1.161387890259697e-21
139,droplet,3m,21m,female,Slc27a3,4.641537189483643,3.550951532815816e-06,1.6481877537444234e-05,6.43423554720357e-05,5.590940256231949e-28
140,droplet,3m,21m,female,Cyp2c68,4.616964340209961,9.792070159164723e-06,2.120888439094415e-06,8.207918290281668e-05,2.9538235659079827e-06
141,droplet,3m,21m,female,Cyp2e1,4.506872177124023,6.652895535808057e-05,1.4761667443963233e-05,0.0006600811029784381,4.599329983505072e-25
142,droplet,3m,21m,female,Apoc4,4.444202899932861,6.99812444509007e-05,1.5746634744573385e-05,0.0004860039334744215,3.476319785469439e-49
143,droplet,3m,21m,female,Them5,4.387536525726318,5.323048389982432e-05,1.2132202755310573e-05,0.0002432063192827627,3.365472760362538e-97
144,droplet,3m,21m,female,C4bp,4.387398719787598,1.2876538676209748e-05,2.934890517281019e-06,0.00010203663259744644,6.134522051451914e-11
145,droplet,3m,21m,female,Pzp,4.343048572540283,1.9709546904778108e-05,4.538181656243978e-06,0.00015875686949584633,2.7880127750607136e-19
146,droplet,3m,21m,female,Cilp2,4.336029052734375,2.566034163464792e-05,5.917934686294757e-06,0.00024213323194999248,1.2123614484692254e-19
147,droplet,3m,21m,female,Capns2,4.289733409881592,1.4991017451393418e-05,6.430747453123331e-05,0.00021342856052797288,6.103863058989807e-205
148,droplet,3m,21m,female,Ugt2b5,4.2801513671875,1.6085863535408862e-05,3.7582456116069807e-06,0.00013145759294275194,8.522962947844041e-15
149,droplet,3m,21m,female,Stfa2l1,4.238541603088379,3.926851150026778e-06,1.6644125935272314e-05,0.0002491825434844941,5.7361700350669256e-08
150,droplet,3m,21m,female,Gsta4,4.219935417175293,9.828215115703642e-05,2.3289963792194612e-05,0.0005160426371730864,2.2190613322649513e-91
151,droplet,3m,21m,female,Hist1h1b,4.202120304107666,3.828286935458891e-05,9.110368409892544e-06,0.00022800450096838176,4.42843411354572e-53
152,droplet,3m,21m,female,Krt23,4.195566177368164,2.2732543584425002e-05,5.418229648057604e-06,0.00016166562272701412,5.942021501486042e-25
153,droplet,3m,21m,female,Hoxa7,4.1841630935668945,5.638164111587685e-06,2.3591002900502644e-05,7.665318116778508e-05,6.781375620817009e-54
154,droplet,3m,21m,female,Cr2,4.177007675170898,5.548948684008792e-05,1.328450525761582e-05,0.00020558877440635115,2.507815504139665e-125
155,droplet,3m,21m,female,Rarres1,4.123416423797607,3.529066361807054e-06,1.4551813364960253e-05,7.22265467629768e-05,1.0221661637499928e-18
156,droplet,3m,21m,female,Derl3,4.118178844451904,2.9419381917250575e-06,1.211543167300988e-05,0.00010133933392353356,1.0670215130814395e-09
157,droplet,3m,21m,female,Fam110c,4.111461162567139,9.258823411073536e-06,2.2519536742038326e-06,5.0068916607415304e-05,4.4036565732630255e-06
158,droplet,3m,21m,female,Cpb2,4.050307750701904,1.05573881228338e-05,2.606563384688343e-06,8.73669923748821e-05,1.1917683048311735e-06
159,droplet,3m,21m,female,Cyp2d10,4.029257774353027,1.4356197425513528e-05,3.5629871035780525e-06,0.00012039333523716778,1.488221541607742e-11
160,droplet,3m,21m,female,Fgb,4.0182905197143555,9.93541325442493e-05,2.4725470211706124e-05,0.0006970351096242666,6.652064897625652e-47
161,droplet,3m,21m,female,Cyp3a25,3.925014019012451,1.4669938536826521e-05,3.737549604920787e-06,0.00011854807962663472,4.9053513464214445e-12
162,droplet,3m,21m,female,Csprs,3.904752492904663,4.13565476264921e-06,1.6148711438290775e-05,6.865513569209725e-05,4.2337005845604056e-23
163,droplet,3m,21m,female,Kif12,3.9007394313812256,4.5176088860898744e-06,1.7622018276597373e-05,0.00010247205500490963,1.1714753888016237e-23
164,droplet,3m,21m,female,Igj,3.895698070526123,0.0002530496276449412,0.000985804945230484,0.011429402977228165,1.6269760071702558e-19
165,droplet,3m,21m,female,Ugt2b36,3.870481252670288,1.0722682418418117e-05,2.7703736122930422e-06,9.069823136087507e-05,2.1289042016826645e-06
166,droplet,3m,21m,female,Fgfbp1,3.8499464988708496,1.5386998711619526e-05,5.9239129768684506e-05,0.0002484713331796229,7.003058397480049e-112
167,droplet,3m,21m,female,Ppp1r14c,3.805379629135132,3.3975939004449174e-06,1.2929138392792083e-05,5.2956893341615796e-05,2.11454138654848e-14
168,droplet,3m,21m,female,Peg3,3.777609348297119,4.191628704575123e-06,1.583433913765475e-05,0.0001042799194692634,1.685522228406407e-18
169,droplet,3m,21m,female,Cyp2f2,3.7662484645843506,2.7783738914877176e-05,7.377032034128206e-06,0.0002026380825554952,5.4044777745398656e-27
170,droplet,3m,21m,female,Serpina1c,3.734294891357422,0.00018210173584520817,4.87646902911365e-05,0.0012606421951204538,4.29397017085957e-46
171,droplet,3m,21m,female,Kng1,3.7088377475738525,3.990772529505193e-05,1.0760169061541092e-05,0.00030715399770997465,9.498337178703948e-30
172,droplet,3m,21m,female,Apoa2,3.7079691886901855,0.0006403534207493067,0.00017269652744289488,0.004334322176873684,2.3973254525963237e-48
173,droplet,3m,21m,female,Trim10,3.7003238201141357,1.710773904051166e-05,4.623307631845819e-06,0.00015992639237083495,9.58492263953327e-12
174,droplet,3m,21m,female,Fetub,3.6846747398376465,1.4212657333700918e-05,3.85723433282692e-06,0.00010205272701568902,4.704335865861015e-12
175,droplet,3m,21m,female,Gm4759,3.6704134941101074,1.0433494935568888e-05,2.8425929485820234e-06,5.6459415645804256e-05,2.3524532039770284e-07
176,droplet,3m,21m,female,Gata3,3.668841600418091,2.5722127247718163e-05,9.437041444471106e-05,0.00025046750670298934,1.226040101936904e-305
177,droplet,3m,21m,female,Plg,3.6416797637939453,2.7070713258581236e-05,7.433578048221534e-06,0.00021337531507015228,1.22650897017126e-22
178,droplet,3m,21m,female,Cyp2d12,3.6357035636901855,3.222664645363693e-06,1.1716656445059925e-05,0.0001306359190493822,5.179692615154488e-06
179,droplet,3m,21m,female,Scg3,3.6259796619415283,6.40156804365688e-06,2.3211958250612952e-05,0.00015195053128991276,1.4404488000559834e-28
180,droplet,3m,21m,female,Nrtn,3.595153331756592,5.276278898236342e-06,1.8969034499605186e-05,0.00010200047836406156,3.6975206690622315e-27
181,droplet,3m,21m,female,Col1a1,3.580249309539795,0.00044835070730187,0.00012522890756372362,0.00208500144071877,5.775691979781352e-114
182,droplet,3m,21m,female,Mrgpra2b,3.576392412185669,5.536267963179853e-06,1.979987064260058e-05,9.82714191195555e-05,5.168914979832673e-29
183,droplet,3m,21m,female,Tnfrsf19,3.56200909614563,3.5072430364380125e-06,1.2492834684962872e-05,5.216426870902069e-05,2.300148910482517e-12
184,droplet,3m,21m,female,Serpinb2,3.5335302352905273,1.3116237823851407e-05,4.634662764146924e-05,0.00019764377793762833,5.315613454243442e-85
185,droplet,3m,21m,female,Itih3,3.525026321411133,1.402527868776815e-05,3.97877192881424e-06,0.00011507665476528928,1.0414418190973854e-09
186,droplet,3m,21m,female,Fgg,3.524312734603882,8.839392103254795e-05,2.5081177227548324e-05,0.0005947606987319887,2.1437587528073552e-45
187,droplet,3m,21m,female,Serpina1a,3.4882805347442627,0.0001488178240833804,4.266222822479904e-05,0.0010055024176836014,1.8936905753772347e-44
188,droplet,3m,21m,female,Pon1,3.476494550704956,1.8337692381464876e-05,5.274764134810539e-06,0.00015102951147127897,3.8632615073657474e-14
189,droplet,3m,21m,female,Pydc4,3.4738810062408447,1.3434295397019014e-05,3.8672287701047026e-06,6.677182682324201e-05,8.107440679395892e-13
190,droplet,3m,21m,female,Acpp,3.469255208969116,3.328347702336032e-06,1.1546891073521692e-05,4.4547901779878885e-05,4.173907520579144e-10
191,droplet,3m,21m,female,Hist1h1a,3.4467720985412598,1.1503158020786941e-05,3.3373703445249703e-06,7.713203376624733e-05,6.328848081500221e-08
192,droplet,3m,21m,female,Fga,3.4461324214935303,6.732711335644126e-05,1.9537004845915362e-05,0.00048618754954077303,1.1815061889636721e-35
193,droplet,3m,21m,female,Ttpa,3.442275047302246,1.487369263486471e-05,4.320889274822548e-06,0.00010900765482801944,5.986025314157558e-12
194,droplet,3m,21m,female,BC064078,3.4068758487701416,1.0334879334550351e-05,3.520965401548892e-05,0.00010950008436338976,4.0996250396343576e-91
195,droplet,3m,21m,female,Ahsg,3.3835580348968506,0.00012786698061972857,3.779068720177747e-05,0.0008815480396151543,3.395553044675941e-42
196,droplet,3m,21m,female,Hrg,3.381756544113159,1.4869801816530526e-05,4.397063548822189e-06,0.0001156627549789846,8.439574717689658e-11
197,droplet,3m,21m,female,Rdh7,3.3260304927825928,2.217510154878255e-05,6.667136403848417e-06,0.00016499642515555024,1.0194987302460696e-18
198,droplet,3m,21m,female,Cfhr2,3.3239502906799316,1.5913716197246686e-05,4.787590569321765e-06,0.0001212235729326494,4.446339648055924e-12
199,droplet,3m,21m,female,1190003J15Rik,3.323328733444214,3.0925730243325233e-05,0.00010277636465616524,0.000295293633826077,3.349402887982783e-271
200,droplet,3m,21m,female,Rn45s,3.320897102355957,0.002655868884176016,0.0007997443899512291,0.012227066792547703,8.609853560516034e-114
201,droplet,3m,21m,female,Zfp750,3.2943780422210693,4.9313903218717314e-06,1.6245867300312966e-05,7.566743443021551e-05,9.822107660130525e-20
202,droplet,3m,21m,female,Apoh,3.285022735595703,6.648654380114749e-05,2.023929300776217e-05,0.0004704712482634932,6.312640641374672e-35
203,droplet,3m,21m,female,Mbl2,3.248457670211792,3.0445331503869966e-05,9.372241038363427e-06,0.00022175714548211545,1.8675330211335507e-24
204,droplet,3m,21m,female,Anxa8,3.2380576133728027,4.6898643631720915e-05,0.00015186051314231008,0.00044781857286579907,3.647226156443523e-288
205,droplet,3m,21m,female,Rian,3.2241835594177246,5.914910161664011e-06,1.9070759663009085e-05,0.0001209038746310398,5.85169826818761e-22
206,droplet,3m,21m,female,Snhg11,3.215850830078125,6.101461622165516e-06,1.9621393221314065e-05,0.00016177038196474314,1.445732972968465e-17
207,droplet,3m,21m,female,Hsd3b4,3.1893723011016846,1.6870279068825766e-05,5.3805604693479836e-05,0.0003948445664718747,3.986478760914035e-43
208,droplet,3m,21m,female,Apon,3.1683554649353027,1.4274462046159897e-05,4.505321157921571e-06,0.0001149506788351573,5.89507997670294e-09
209,droplet,3m,21m,female,Ces1c,3.14267897605896,3.7775011151097715e-05,1.2020002031931654e-05,0.0003040466399397701,3.8630251287571627e-22
210,droplet,3m,21m,female,Fgl1,3.141261339187622,1.3391095308179501e-05,4.2629667404980864e-06,0.00010439602920087054,2.8490176270734185e-08
211,droplet,3m,21m,female,Kera,3.1169748306274414,2.4114726329571567e-05,7.736579391348641e-06,0.00030104845063760877,1.2797426990329979e-06
212,droplet,3m,21m,female,Irx2,3.1110310554504395,4.807330697076395e-06,1.4955758160795085e-05,5.9546651755226776e-05,5.680426458170641e-16
213,droplet,3m,21m,female,Fcgbp,3.107513427734375,1.3074483831587713e-05,4.062913649249822e-05,0.0002034255157923326,3.554841567843589e-49
214,droplet,3m,21m,female,Susd2,3.1050660610198975,5.1920724217779934e-06,1.612173036846798e-05,6.944139022380114e-05,5.236053608482606e-18
215,droplet,3m,21m,female,Cyp2c29,3.098818302154541,3.089869278483093e-05,9.971120562113356e-06,0.00024462450528517365,3.805170528932917e-20
216,droplet,3m,21m,female,Hpx,3.094985008239746,9.410723578184843e-05,3.04063614748884e-05,0.000743615091778338,3.250669528989289e-27
217,droplet,3m,21m,female,Hist1h2ae,3.092498540878296,8.421867823926732e-05,2.7233212676947005e-05,0.00046788970939815044,6.165172273489391e-61
218,droplet,3m,21m,female,Hbb-b2,3.0899128913879395,0.00014886283315718174,4.817703302251175e-05,0.0012473203241825104,1.1456957937294896e-24
219,droplet,3m,21m,female,Retnlg,3.0831899642944336,0.0005259893951006234,0.001621725270524621,0.009172261692583561,5.333023373564169e-77
220,droplet,3m,21m,female,Rgn,3.076960802078247,2.9812634238624014e-05,9.688986210676376e-06,0.00025185869890265167,2.0152516292947546e-17
221,droplet,3m,21m,female,Slc4a1,3.071565628051758,2.5180856027873233e-05,8.198051546060015e-06,0.00023587976465933025,4.585296941747515e-13
222,droplet,3m,21m,female,Calml3,3.059030532836914,7.110626756912097e-05,2.3244705516844988e-05,0.0003749614697881043,6.529310772899425e-61
223,droplet,3m,21m,female,Acsbg1,3.044037342071533,4.786154931935016e-06,1.4569236554962117e-05,7.282389560714364e-05,6.029466334536214e-14
224,droplet,3m,21m,female,Acer1,3.0270233154296875,3.8902276173757855e-06,1.1775812708947342e-05,6.552685954375193e-05,3.2089045360891994e-08
225,droplet,3m,21m,female,Dsg1a,3.020714282989502,1.2451033398974687e-05,3.7611018342431635e-05,0.00016862094344105572,1.2918066549477401e-58
226,droplet,3m,21m,female,Gjb1,3.0112531185150146,2.17201559280511e-05,7.212994660221739e-06,0.00014913947961758822,1.9952354963742512e-18
227,droplet,3m,21m,female,Isl1,3.004587411880493,4.151973826083122e-06,1.247497129952535e-05,9.484527981840074e-05,2.9541005112147236e-08
228,droplet,3m,21m,female,Npl,2.9901881217956543,5.044217687100172e-06,1.5083162907103542e-05,6.747099541826174e-05,7.943254159372089e-15
229,droplet,3m,21m,female,Mlxipl,2.950634717941284,4.609804818755947e-06,1.3601852515421342e-05,9.118836169363931e-05,7.388448511521166e-10
230,droplet,3m,21m,female,Fabp1,2.9438717365264893,0.00023639510618522763,8.030074968701228e-05,0.001823411206714809,2.285566737890061e-26
231,droplet,3m,21m,female,Hist2h2ac,2.9413013458251953,1.291718399443198e-05,4.391655238578096e-06,6.64310427964665e-05,1.501657861919242e-09
232,droplet,3m,21m,female,Fam151a,2.93882155418396,7.290558187378338e-06,2.1425652448670007e-05,0.00012085835624020547,8.58466583953003e-24
233,droplet,3m,21m,female,2010107G23Rik,2.9348080158233643,3.7555078051809687e-06,1.1021696991520002e-05,4.247673859936185e-05,3.0849980671481007e-07
234,droplet,3m,21m,female,Elovl2,2.9333693981170654,1.2712071111309342e-05,4.333606284490088e-06,9.565457003191113e-05,3.4529692367600663e-07
235,droplet,3m,21m,female,Slc6a18,2.9234554767608643,5.330120984581299e-06,1.5582374544464983e-05,0.0001607207814231515,1.9801837854581032e-08
236,droplet,3m,21m,female,Ly6g6c,2.9221394062042236,3.96089417336043e-05,0.00011574284872040153,0.0006425496540032327,1.71231255048495e-60
237,droplet,3m,21m,female,Apob,2.9052557945251465,5.2771723858313635e-05,1.8164224456995726e-05,0.00035936085623688996,8.677760322845866e-33
238,droplet,3m,21m,female,Elovl4,2.8948090076446533,8.387116395169869e-06,2.4279102945001796e-05,0.00028536454192362726,1.6198127587000683e-12
239,droplet,3m,21m,female,Dsc3,2.868152379989624,1.4762011232960504e-05,4.2339699575677514e-05,0.00015600120241288096,8.585000039105243e-85
240,droplet,3m,21m,female,Bmp2k,2.866729736328125,1.3163475159672089e-05,4.591808192344615e-06,5.619002695311792e-05,2.851916675949699e-10
241,droplet,3m,21m,female,Itih2,2.8659162521362305,1.532800706627313e-05,5.348378181224689e-06,0.00011419247312005609,1.4252675696093647e-09
242,droplet,3m,21m,female,Serpinc1,2.865217685699463,4.112987153348513e-05,1.4354884115164168e-05,0.0003001939330715686,4.05824911077362e-24
243,droplet,3m,21m,female,Lag3,2.863609790802002,9.000390491564758e-06,2.5773608285817318e-05,0.00018711721349973232,9.336495717257126e-25
244,droplet,3m,21m,female,Krtdap,2.857182741165161,0.00017020439554471523,0.0004863050708081573,0.0026838420890271664,4.764231522686635e-77
245,droplet,3m,21m,female,Csf3,2.8526313304901123,5.537192919291556e-05,1.941082336998079e-05,0.0006381361745297909,6.029297917858914e-09
246,droplet,3m,21m,female,Ovol1,2.839742422103882,2.791352198983077e-05,9.829595910559874e-06,0.00014104547153692693,7.391933975372179e-33
247,droplet,3m,21m,female,Meg3,2.837413787841797,7.174612255766988e-05,0.00020357343601062894,0.0010679516708478332,5.756010470003418e-97
248,droplet,3m,21m,female,Lyst,2.8278212547302246,2.030130781349726e-05,7.179133262980031e-06,7.212178752524778e-05,4.2396898668887864e-26
249,droplet,3m,21m,female,Tdo2,2.8276913166046143,1.351050832454348e-05,4.777928097610129e-06,0.00010769015352707356,4.5025832752252327e-07
250,droplet,3m,21m,female,1700029G01Rik,2.8150529861450195,4.2972437768185046e-06,1.2096971659047995e-05,4.694315794040449e-05,1.543765524566966e-08
251,droplet,3m,21m,female,Alb,2.814440965652466,0.0011093969224020839,0.00039418021333403885,0.007968572899699211,8.301337607017707e-30
252,droplet,3m,21m,female,Smpd3,2.8090081214904785,7.987609933479689e-06,2.2437263396568596e-05,0.00021172700508031994,7.433645479569453e-14
253,droplet,3m,21m,female,Areg,2.8059794902801514,5.361927469493821e-05,1.9108931155642495e-05,0.0004085215332452208,1.1676463018127162e-24
254,droplet,3m,21m,female,Hba-a2,2.804750442504883,4.828119199373759e-05,1.7214075342053548e-05,0.00042401603423058987,1.4918461119671368e-16
255,droplet,3m,21m,female,Tat,2.781118869781494,4.178667950327508e-05,1.5025131688162219e-05,0.000322651001624763,8.512273852159404e-21
256,droplet,3m,21m,female,Slc7a5,2.7790963649749756,4.08711048294208e-06,1.1358476513123605e-05,5.030017928220332e-05,5.842226322850863e-07
257,droplet,3m,21m,female,Apof,2.778177499771118,1.6242287529166788e-05,5.846381554874824e-06,0.00012481902376748621,1.7798016703118785e-09
258,droplet,3m,21m,female,Sprr1a,2.777454376220703,6.54235336696729e-05,2.3555212464998476e-05,0.0004964742693118751,4.8571280836633366e-23
259,droplet,3m,21m,female,Col17a1,2.7719802856445312,2.1020203348598443e-05,5.826759661431424e-05,0.00019676063675433397,3.452194210385464e-116
260,droplet,3m,21m,female,F2,2.7693979740142822,3.2955802453216165e-05,1.1899986930075102e-05,0.0002448385930620134,1.1262179867582903e-19
261,droplet,3m,21m,female,Slc10a1,2.765795946121216,1.2456145668693352e-05,4.50363768322859e-06,9.48589586187154e-05,7.200148321428405e-06
262,droplet,3m,21m,female,Tfap2b,2.7553791999816895,5.548772151087178e-06,1.528897337266244e-05,7.19793388270773e-05,5.334610745065379e-13
263,droplet,3m,21m,female,Cyp2c37,2.754103422164917,1.9855855498462915e-05,7.209552677522879e-06,0.00019318533304613084,2.130594762617522e-08
264,droplet,3m,21m,female,Ambp,2.7415931224823,4.579179949359968e-05,1.6702622815500945e-05,0.0003416021354496479,5.181793334017699e-23
265,droplet,3m,21m,female,Apoc3,2.7210190296173096,0.00018523418111726642,6.807530007790774e-05,0.0013009089743718505,3.022416759114667e-29
266,droplet,3m,21m,female,Cfi,2.7187514305114746,1.4693007869936991e-05,5.404320745583391e-06,0.00011595446994761005,8.627822820134162e-08
267,droplet,3m,21m,female,Gm12657,2.7150135040283203,2.4048684281297028e-05,8.857665307004936e-06,7.338786963373423e-05,8.885159806229644e-36
268,droplet,3m,21m,female,Serpina1d,2.712520122528076,7.705407915636897e-05,2.8406821002135985e-05,0.0005444435519166291,2.062707812045426e-27
269,droplet,3m,21m,female,Alas2,2.69761061668396,7.520370854763314e-05,2.7877893444383517e-05,0.0006109887617640197,1.9508339144743555e-20
270,droplet,3m,21m,female,Hpgds,2.6908371448516846,4.361886567494366e-06,1.1737129170796834e-05,6.532192492159083e-05,1.4226649369667507e-06
271,droplet,3m,21m,female,Itih4,2.6864938735961914,3.539031240507029e-05,1.3173419574741274e-05,0.0002792957820929587,1.7629097226088128e-17
272,droplet,3m,21m,female,Siglech,2.685006856918335,2.621960265969392e-05,9.765189133759122e-06,0.0002510936465114355,2.2293471716471911e-10
273,droplet,3m,21m,female,Gjb2,2.684425115585327,1.4805829778197221e-05,5.515455541171832e-06,8.688479283591732e-05,3.693846992753264e-10
274,droplet,3m,21m,female,Azgp1,2.684185743331909,2.5176470444421284e-05,9.379555194755085e-06,0.00017887685680761933,6.476150172057347e-17
275,droplet,3m,21m,female,Adh7,2.6810121536254883,2.600975858513266e-05,9.70146902545821e-06,0.0001815443829400465,5.048036047308789e-20
276,droplet,3m,21m,female,Aqp3,2.679474115371704,9.217323531629518e-05,3.439974898356013e-05,0.00038309209048748016,5.56431505277966e-81
277,droplet,3m,21m,female,Car3,2.672673225402832,6.367212336044759e-05,2.3823384253773838e-05,0.00046772140194661915,1.6662597112886588e-24
278,droplet,3m,21m,female,Apoa5,2.6644909381866455,2.8379698051139712e-05,1.065107608155813e-05,0.00021914689568802714,1.7761313017198257e-15
279,droplet,3m,21m,female,Vpreb3,2.6589248180389404,0.0001143112313002348,4.299152351450175e-05,0.0006106380023993552,2.2924049787765763e-50
280,droplet,3m,21m,female,Gsto1,2.658571243286133,0.00016072690777946264,6.045612462912686e-05,0.0004950552247464657,1.6054768888773851e-180
281,droplet,3m,21m,female,Pof1b,2.6534624099731445,4.720523975265678e-06,1.2525735655799508e-05,5.43952701264061e-05,2.862058751836802e-08
282,droplet,3m,21m,female,Sbsn,2.6478726863861084,0.00010272302461089566,0.00027199750184081495,0.0015709435101598501,9.94541847670802e-69
283,droplet,3m,21m,female,Slc14a1,2.632449150085449,1.2573934327519964e-05,4.776514742843574e-06,8.260485628852621e-05,1.721398552973892e-06
284,droplet,3m,21m,female,Pemt,2.6235523223876953,1.4975466001487803e-05,5.708086519007338e-06,0.000100939636467956,6.57488407578996e-09
285,droplet,3m,21m,female,Asgr1,2.6183643341064453,1.319134116783971e-05,5.038007202529116e-06,9.979550668504089e-05,6.353144068122746e-06
286,droplet,3m,21m,female,Hdc,2.617645025253296,2.1299829313647933e-05,5.5755397625034675e-05,0.0002911015471909195,8.56997943828342e-53
287,droplet,3m,21m,female,Scin,2.614462375640869,5.851182777405484e-06,1.529769906483125e-05,6.89661392243579e-05,5.064188084343617e-12
288,droplet,3m,21m,female,Lef1,2.6125261783599854,3.3594311389606446e-05,1.2858937225246336e-05,0.0001231919159181416,6.260219428179544e-48
289,droplet,3m,21m,female,Gc,2.6009886264801025,0.00011254018318140879,4.326823182054795e-05,0.000754591659642756,2.5946101377856993e-30
290,droplet,3m,21m,female,Hpd,2.5846621990203857,5.563997183344327e-05,2.1526977434405126e-05,0.0003557593154255301,6.320790275325906e-29
291,droplet,3m,21m,female,9530091C08Rik,2.583247423171997,5.227735982771264e-06,1.350453749182634e-05,7.346831262111664e-05,6.04240420805097e-09
292,droplet,3m,21m,female,Calm4,2.5784480571746826,7.646469020983204e-05,0.00019716023234650493,0.0009340179967693985,2.1308612517725207e-85
293,droplet,3m,21m,female,A530032D15Rik,2.570279598236084,1.1122486284875777e-05,2.8587903216248378e-05,0.00010396551078883931,2.3573317658030775e-42
294,droplet,3m,21m,female,Krt15,2.555619955062866,0.00030450589838437736,0.0007782013271935284,0.0031289318576455116,3.9770361008878286e-131
295,droplet,3m,21m,female,Angptl3,2.5553410053253174,1.6640895410091616e-05,6.5122007981699426e-06,0.00014164880849421024,9.615770845955364e-08
296,droplet,3m,21m,female,Mpv17l,2.5387792587280273,7.317610197787872e-06,1.857779898273293e-05,0.0001859359472291544,1.4622239515819545e-09
297,droplet,3m,21m,female,Cd177,2.537518262863159,3.7022618926130235e-05,9.394557127961889e-05,0.00034349484485574067,3.4126992772364025e-122
298,droplet,3m,21m,female,Mmp9,2.52362060546875,4.2956053221132606e-05,0.00010840477625606582,0.00047455483581870794,2.1974885875419384e-87
299,droplet,3m,21m,female,Cpe,2.5179319381713867,2.989004315168131e-05,7.526110130129382e-05,0.0003327534650452435,1.873115864101737e-76
300,droplet,3m,21m,female,Lipc,2.5009312629699707,5.004597824154189e-06,1.2516157767095137e-05,6.786236917832866e-05,9.643416984635363e-07
301,droplet,3m,21m,female,Serpina1b,2.4923932552337646,0.00013613431656267494,5.4619918955722824e-05,0.0009360577678307891,1.843863337035172e-25
302,droplet,3m,21m,female,Snca,2.492278575897217,3.8017999031580985e-05,1.5254313439072575e-05,0.0003204858221579343,7.000679512301077e-14
303,droplet,3m,21m,female,Rbp4,2.480393171310425,0.00015535076090600342,6.263150862650946e-05,0.0009609292610548437,9.159460281092601e-35
304,droplet,3m,21m,female,Ephb6,2.474343776702881,7.34413106329157e-06,1.8171907868236303e-05,7.26465368643403e-05,6.032965222373856e-17
305,droplet,3m,21m,female,Serpinf2,2.4728686809539795,1.4664597074443009e-05,5.930195584369358e-06,0.00010474357986822724,3.984737269207708e-07
306,droplet,3m,21m,female,Chodl,2.469247817993164,2.3833739760448225e-05,9.652226253820118e-06,0.00020486155699472874,2.8120985418802145e-10
307,droplet,3m,21m,female,Slpi,2.4528098106384277,0.00016724734450690448,0.000410225911764428,0.0031982031650841236,1.0748925951854547e-36
308,droplet,3m,21m,female,Vtn,2.4487128257751465,5.9059064369648695e-05,2.4118409783113748e-05,0.00037841498851776123,1.072798021826341e-28
309,droplet,3m,21m,female,Hist1h1e,2.4322168827056885,7.323504542000592e-05,3.0110406441963278e-05,0.00026627330225892365,3.011331334371417e-92
310,droplet,3m,21m,female,Trp63,2.4307868480682373,8.208441613533068e-06,1.9952974980697036e-05,7.176953658927232e-05,2.9846285291535984e-21
311,droplet,3m,21m,female,Il1r2,2.4193336963653564,1.0316468433302362e-05,2.495898115739692e-05,0.0001144998095696792,1.4490864756159296e-23
312,droplet,3m,21m,female,Ero1lb,2.4046072959899902,1.62444484885782e-05,3.9061524148564786e-05,0.0001858272444223985,2.709097823914783e-49
313,droplet,3m,21m,female,Beta-s,2.399998188018799,0.009457745589315891,0.003940730355679989,0.07546642422676086,4.215151624017929e-18
314,droplet,3m,21m,female,C8g,2.399240493774414,1.950476143974811e-05,8.129555681080092e-06,0.000139678901177831,2.1737798266478755e-10
315,droplet,3m,21m,female,Mat1a,2.377110481262207,3.290662061772309e-05,1.3843116903444752e-05,0.0002399206132395193,2.1760505752011254e-15
316,droplet,3m,21m,female,Fcer2a,2.3720662593841553,4.3679388909367844e-05,1.8414066289551556e-05,0.00017127128376159817,9.986068269650902e-50
317,droplet,3m,21m,female,Phospho1,2.3713128566741943,1.4175387150316965e-05,3.361428025527857e-05,0.00010383516928413883,7.63863125776798e-52
318,droplet,3m,21m,female,Vdr,2.358569383621216,8.626236194686498e-06,2.034557837760076e-05,7.928707782411948e-05,5.201249728717511e-20
319,droplet,3m,21m,female,Clip4,2.352059841156006,7.35329831513809e-06,1.729540053929668e-05,6.292063335422426e-05,6.2067693666122224e-15
320,droplet,3m,21m,female,Krt5,2.3462982177734375,0.00023243878968060017,0.0005453707417473197,0.0018996181897819042,2.5562717457125615e-145
321,droplet,3m,21m,female,Ugt2b34,2.342397451400757,1.5773777704453096e-05,6.734030648658518e-06,9.860602585831657e-05,1.9836901381684626e-08
322,droplet,3m,21m,female,Gypa,2.34141206741333,5.3064959502080455e-05,2.2663654817733914e-05,0.00046251495950855315,5.934324961483864e-12
323,droplet,3m,21m,female,Hist1h4d,2.336387872695923,1.7785729141905904e-05,7.612489298480796e-06,8.09190678410232e-05,1.805303308117887e-13
324,droplet,3m,21m,female,Pyhin1,2.331543445587158,8.057357626967132e-05,3.45580410794355e-05,0.00020023972319904715,1.4225749233403468e-147
325,droplet,3m,21m,female,C1qtnf4,2.3299434185028076,5.504092769115232e-06,1.2824227269447874e-05,4.990524030290544e-05,6.551758420138914e-07
326,droplet,3m,21m,female,Tmem100,2.3256614208221436,4.52690183010418e-05,0.00010528040729695931,0.000637139892205596,4.909830679889942e-39
327,droplet,3m,21m,female,Mki67,2.3163247108459473,6.580286571988836e-05,2.840830711647868e-05,0.0002828724100254476,1.4779103283692918e-59
328,droplet,3m,21m,female,Cct6a,2.3133952617645264,2.4304581529577263e-05,1.0506020771572366e-05,7.029369589872658e-05,2.9281899256917047e-29
329,droplet,3m,21m,female,Tnfsf8,2.3025262355804443,8.724875442567281e-06,2.00892573047895e-05,0.00019643190898932517,2.2619691864531775e-08
330,droplet,3m,21m,female,Fabp5,2.2991113662719727,0.00035562593257054687,0.00015467972843907773,0.001592416549101472,3.9578065467451104e-66
331,droplet,3m,21m,female,Hebp2,2.298624038696289,1.0910136552411132e-05,2.507830322429072e-05,0.00010695867240428925,4.7238376029440384e-27
332,droplet,3m,21m,female,Clec4d,2.283259868621826,7.400535196211422e-06,1.6897347450139932e-05,0.00011799310595961288,1.0410514307191181e-08
333,droplet,3m,21m,female,Tmem27,2.2826826572418213,8.936177619034424e-05,0.00020398458582349122,0.0011614253744482994,7.074535790854227e-49
334,droplet,3m,21m,female,Chad,2.275263547897339,5.5825559684308246e-05,2.453586239425931e-05,0.0006224223761819303,1.320236568296414e-06
335,droplet,3m,21m,female,Col1a2,2.2649269104003906,0.0005030797328799963,0.00022211742179933935,0.002210914622992277,4.552986516163831e-71
336,droplet,3m,21m,female,Sostdc1,2.2594361305236816,2.0078257875866257e-05,4.536554479273036e-05,0.00029110105242580175,4.088453129981053e-26
337,droplet,3m,21m,female,Slco3a1,2.2492616176605225,2.278293322888203e-05,5.124478047946468e-05,0.00012706394772976637,3.8405895314011647e-100
338,droplet,3m,21m,female,Uox,2.240462064743042,1.88324320333777e-05,8.405600965488702e-06,0.00015288569557014853,1.068811097723111e-06
339,droplet,3m,21m,female,Nhsl1,2.239086627960205,6.677621058770455e-06,1.4951773664506618e-05,5.288267129799351e-05,1.3230213277808748e-09
340,droplet,3m,21m,female,Ltf,2.218327522277832,0.0003612518194131553,0.0008013748447410762,0.003183945082128048,1.1137211760368355e-95
341,droplet,3m,21m,female,Serpina3g,2.2158615589141846,1.789052112144418e-05,3.964292409364134e-05,0.00015482117305509746,2.0739032739672965e-46
342,droplet,3m,21m,female,Itgb2l,2.2149620056152344,1.0094690878759138e-05,2.235935789940413e-05,9.766469156602398e-05,1.4910229388938474e-19
343,droplet,3m,21m,female,Pir,2.2128021717071533,2.9543331038439646e-05,1.3351093002711423e-05,0.0001235797826666385,2.0807836383383076e-29
344,droplet,3m,21m,female,Dgcr6,2.2094571590423584,3.4096749004675075e-05,7.533530879300088e-05,0.00015194836305454373,5.6471182867378626e-185
345,droplet,3m,21m,female,Fpr2,2.2049880027770996,1.2681753105425742e-05,2.7963116735918447e-05,0.00012822264397982508,3.353760623666914e-26
346,droplet,3m,21m,female,Mia1,2.2038416862487793,6.374234544637147e-06,1.4047805962036364e-05,9.764969581738114e-05,8.955979723346246e-06
347,droplet,3m,21m,female,Samd9l,2.198329210281372,6.492302782135084e-05,2.95328936772421e-05,0.00014681354514323175,1.3132985562292086e-124
348,droplet,3m,21m,female,Clic3,2.1951744556427,8.184052603610326e-06,1.7965425286092795e-05,9.700912050902843e-05,1.6060278958377784e-11
349,droplet,3m,21m,female,Gnmt,2.1817126274108887,4.298151907278225e-05,1.9700813936651684e-05,0.0003136190352961421,1.5467131706892604e-14
350,droplet,3m,21m,female,Irx3,2.1692962646484375,9.50301910052076e-06,2.0614865206880495e-05,8.737063762964681e-05,4.0471650762793414e-16
351,droplet,3m,21m,female,Tmem108,2.1605637073516846,1.7582784494152293e-05,8.138053090078756e-06,7.582490070490167e-05,2.9155677698543524e-11
352,droplet,3m,21m,female,Acsl3,2.1590027809143066,2.193298496422358e-05,1.0158848454011604e-05,7.979157089721411e-05,3.281002975412193e-19
353,droplet,3m,21m,female,Car4,2.1468629837036133,2.750525891315192e-05,5.905002763029188e-05,0.00041683216113597155,2.4100988895702004e-22
354,droplet,3m,21m,female,Mmp8,2.144923210144043,6.150271656224504e-05,0.0001319185976171866,0.0006366745219565928,4.682015139814149e-51
355,droplet,3m,21m,female,Foxq1,2.1380698680877686,2.8006092179566622e-05,1.309877188759856e-05,0.0002340984792681411,1.8520752854397446e-10
356,droplet,3m,21m,female,Hbb-b1,2.134458541870117,2.6283061743015423e-05,1.2313689694565255e-05,0.00022858436568640172,8.123651985761432e-07
357,droplet,3m,21m,female,Ehd2,2.133355140686035,1.6586342098889872e-05,3.538456076057628e-05,0.00011579082638490945,1.940898284863165e-44
358,droplet,3m,21m,female,Spink5,2.127443790435791,2.8593607567017898e-05,1.3440358088701032e-05,0.0002271003177156672,4.0043645602569366e-10
359,droplet,3m,21m,female,Hoxa5,2.119215965270996,7.075864687067224e-06,1.499528661952354e-05,8.133490337058902e-05,6.575116034628685e-07
360,droplet,3m,21m,female,A430084P05Rik,2.106710433959961,1.1703540621965658e-05,2.465597390255425e-05,0.00010632268822519109,8.805126257342937e-21
361,droplet,3m,21m,female,Bhmt,2.105835437774658,4.157462535658851e-05,1.9742577933357097e-05,0.0003429824428167194,6.784032345647198e-10
362,droplet,3m,21m,female,Car2,2.103548765182495,0.0001846270461101085,8.776931645115837e-05,0.001273949397727847,3.1467712367820436e-20
363,droplet,3m,21m,female,Slc25a37,2.0933926105499268,3.6006062146043405e-05,1.7199859939864837e-05,0.00020946672884747386,4.150287443198718e-21
364,droplet,3m,21m,female,Iffo2,2.0904629230499268,1.4288470993051305e-05,2.9869519494241104e-05,9.300609963247553e-05,1.140984395864639e-34
365,droplet,3m,21m,female,Akr1b8,2.0869803428649902,1.7725216821418144e-05,8.493235327478033e-06,0.0001408243551850319,2.963032807904746e-06
366,droplet,3m,21m,female,Tns4,2.086240768432617,8.46968760015443e-06,1.7669808585196733e-05,6.427898915717378e-05,4.780832736664686e-12
367,droplet,3m,21m,female,Cldn4,2.0845706462860107,4.623845234164037e-05,2.2181280655786395e-05,0.0002651230606716126,3.023986361333481e-23
368,droplet,3m,21m,female,Emr1,2.079904556274414,1.360879741696408e-05,2.8305003070272505e-05,0.00012287443678360432,8.306018566978987e-24
369,droplet,3m,21m,female,Pydc3,2.078766345977783,4.521860319073312e-05,2.175261397496797e-05,0.00014346835087053478,2.579482987435918e-53
370,droplet,3m,21m,female,Ccr7,2.076049327850342,0.00014865117555018514,7.16029098839499e-05,0.00044125679414719343,8.868032082478347e-107
371,droplet,3m,21m,female,Klc3,2.0550537109375,1.791510840121191e-05,3.681651287479326e-05,0.0001075955296983011,2.764731226133123e-48
372,droplet,3m,21m,female,1600029D21Rik,2.0502755641937256,0.0001503291423432529,7.332143286475912e-05,0.0011625747429206967,8.51715564611792e-16
373,droplet,3m,21m,female,Cldn5,2.0495896339416504,0.00014476953947450966,0.00029671814991161227,0.0015564155764877796,1.4303473801988727e-43
374,droplet,3m,21m,female,Zrsr1,2.046231508255005,7.631056178070139e-06,1.5614908988936804e-05,6.356379162753001e-05,3.408225642274604e-08
375,droplet,3m,21m,female,G530011O06Rik,2.02396559715271,1.3385058082349133e-05,2.7090900402981788e-05,0.000165546327480115,8.517223200785946e-15
376,droplet,3m,21m,female,Cyp4b1,2.0213239192962646,3.5091805330011994e-05,7.093190652085468e-05,0.00034344661980867386,4.512905813587223e-37
377,droplet,3m,21m,female,Guca2b,2.0210556983947754,2.672290793270804e-05,5.4008491133572534e-05,0.00040106201777234674,4.949701395260291e-17
378,droplet,3m,21m,female,Vcan,2.0120110511779785,1.9579723812057637e-05,9.731418685987592e-06,0.00011440586240496486,2.1572443276254858e-09
