,dataset,start_age,end_age,sex,tissue,gene,fold_change_log2,expression_at_start_age,expression_at_end_age,expression_max_std_dev,p_value
0,droplet,3m,21m,female,Spleen,Sostdc1,8.765893936157227,9.963081026853615e-08,4.337056816439144e-05,0.00039069110061973333,7.268059065758466e-13
1,droplet,3m,21m,female,Spleen,Anxa8,8.76583194732666,7.720822736700939e-08,3.360837945365347e-05,0.0001674388477113098,7.666501634837853e-42
2,droplet,3m,21m,female,Liver,Hsd3b5,-8.243134498596191,2.7173080525244586e-05,8.968159193045722e-08,8.261938637588173e-05,1.0409882075972642e-08
3,droplet,3m,21m,female,Spleen,Upk1a,7.881497859954834,1.5396109631637955e-07,3.630622086348012e-05,0.00011606905900407583,1.1303542413475744e-87
4,droplet,3m,21m,female,Spleen,Dnm3,7.684897422790527,1.3804422849261755e-07,2.8405735065462068e-05,9.80360055109486e-05,1.0422134191577444e-65
5,droplet,3m,21m,female,Spleen,Bmpr1a,7.594237327575684,4.0323953953702585e-08,7.79232505010441e-06,4.496235851547681e-05,1.985578825047518e-06
6,droplet,3m,21m,female,Limb_Muscle,Cd8a,-6.916997909545898,1.5837264072615653e-05,1.3105483276376617e-07,0.00011308319517411292,3.811099950108995e-08
7,droplet,3m,21m,female,Kidney,Cox8b,6.662285804748535,2.8970649168513773e-07,2.934320582426153e-05,0.0001753505493979901,4.981263676405887e-09
8,droplet,3m,21m,female,Limb_Muscle,Dapl1,-6.3617353439331055,2.1510497390409e-05,2.6156263288612536e-07,0.0001738214195938781,9.350663569924388e-07
9,droplet,3m,21m,female,Liver,Cyp2d9,-6.047492027282715,4.640054248739034e-05,7.01529415891855e-07,0.00012857549882028252,1.7638245988505423e-11
10,droplet,3m,21m,female,Liver,Apobec3,5.736286640167236,1.3751919141213875e-06,7.330912194447592e-05,0.0002017905208049342,1.6830397151597597e-06
11,droplet,3m,21m,female,Liver,Serpina4-ps1,-5.71709680557251,2.2133926904643886e-05,4.2076521822309587e-07,7.215665391413495e-05,1.6824522269408521e-06
12,droplet,3m,21m,female,Liver,Ptprcap,5.662166595458984,2.776198471110547e-06,0.00014058293891139328,0.0003838893899228424,1.2016552404596923e-06
13,droplet,3m,21m,female,Liver,Cyp2c54,-5.5930657386779785,0.0005152972880750895,1.0675231351342518e-05,0.000530559103935957,3.9847250165405906e-106
14,droplet,3m,21m,female,Kidney,Ly6d,5.540004730224609,1.902797635011666e-06,8.8532040535938e-05,0.0005927434540353715,8.420817551094334e-07
15,droplet,3m,21m,female,Mammary_Gland,Col6a5,5.534942150115967,4.3627568402371253e-07,2.0227658751537092e-05,0.00018259409989695996,3.052807261514045e-07
16,droplet,3m,21m,female,Liver,Serpina1e,-5.4845356941223145,0.0024116847198456526,5.3865511290496215e-05,0.0033064945600926876,1.1202382486112372e-58
17,droplet,3m,21m,female,Spleen,C130026I21Rik,5.392847537994385,6.451075023505837e-06,0.0002710448170546442,0.00039088763878680766,0.0
18,droplet,3m,21m,female,Spleen,Gm12824,5.294439792633057,2.71106245008923e-07,1.0639622814778704e-05,5.579140633926727e-05,4.011210623122245e-12
19,droplet,3m,21m,female,Spleen,Cxcl10,5.283940315246582,5.26226813235553e-07,2.0502098777797073e-05,0.0001533596805529669,9.544456184479061e-15
20,droplet,3m,21m,female,Liver,Coro1a,5.175291061401367,6.987074812059291e-06,0.00025247206212952733,0.00061009731143713,2.7030548083681515e-09
21,droplet,3m,21m,female,Spleen,Clec2g,5.085486888885498,3.5082419458376535e-07,1.191172850667499e-05,6.615270103793591e-05,1.493403623927717e-13
22,droplet,3m,21m,female,Liver,Sult2a3,5.07077169418335,2.80982658296125e-06,9.443524322705343e-05,0.00017744842625688761,2.810497069626078e-17
23,droplet,3m,21m,female,Spleen,Chst7,4.841066837310791,4.475079720123176e-07,1.2826495549234096e-05,0.00010105533146997914,3.4946247635515204e-09
24,droplet,3m,21m,female,Spleen,Gm4827,4.783153533935547,5.184168117011723e-07,1.4274226487032138e-05,6.409354682546109e-05,3.76602066346091e-21
25,droplet,3m,21m,female,Spleen,Spon1,4.771760940551758,4.743722854527732e-07,1.295875699725002e-05,6.154953734949231e-05,2.0749198685994243e-17
26,droplet,3m,21m,female,Lung,C130026I21Rik,4.756183624267578,1.7438511576983728e-06,4.712633017334156e-05,0.00018235846073366702,3.9905876778336256e-32
27,droplet,3m,21m,female,Spleen,Art3,4.73431921005249,6.022895036039699e-07,1.603164491825737e-05,7.126822310965508e-05,8.42579053370932e-25
28,droplet,3m,21m,female,Limb_Muscle,Cd8b1,-4.720080852508545,3.0027233151486143e-05,1.1392761507522664e-06,0.00018389946490060538,1.6957526709294818e-13
29,droplet,3m,21m,female,Spleen,Apobec2,4.63290548324585,9.735661024024012e-07,2.4155133360181935e-05,9.856713586486876e-05,1.5577808709984207e-41
30,droplet,3m,21m,female,Liver,Cytip,4.619953632354736,1.8554193275122088e-06,4.562333197100088e-05,0.00012485572369769216,7.2200667376847165e-06
31,droplet,3m,21m,female,Spleen,Zbtb32,4.591465950012207,2.267869831484859e-06,5.467480150400661e-05,0.00015493418322876096,5.089294442658633e-118
32,droplet,3m,21m,female,Spleen,Cdkn2a,4.561020851135254,5.653054699905624e-07,1.3344059880182613e-05,6.268304423429072e-05,5.414181140521067e-18
33,droplet,3m,21m,female,Spleen,Emr1,4.531473636627197,3.7638494632119546e-06,8.704460924491286e-05,0.00020594484522007406,3.262368329313701e-187
34,droplet,3m,21m,female,Spleen,Gzmk,4.477758884429932,7.289744416993926e-07,1.6242491255979985e-05,0.00011589240602916107,4.886744096802625e-13
35,droplet,3m,21m,female,Liver,Rac2,4.474465370178223,1.2050982149958145e-05,0.0002678987802937627,0.000625735498033464,1.8933208350574977e-09
36,droplet,3m,21m,female,Liver,Cd52,4.451757431030273,2.8662429031101055e-05,0.0006272281752899289,0.0013103117235004902,9.631609695307501e-13
37,droplet,3m,21m,female,Spleen,Hook1,-4.341672897338867,1.006923230306711e-05,4.966171900377958e-07,5.1350987632758915e-05,4.523347861725644e-09
38,droplet,3m,21m,female,Limb_Muscle,Vpreb3,-4.340563774108887,1.246160263690399e-05,6.150825129225268e-07,8.1560094258748e-05,6.182833616689351e-07
39,droplet,3m,21m,female,Liver,Tmsb10,4.242429256439209,7.906307291705161e-05,0.0014964842703193426,0.003351069986820221,2.253645226249745e-10
40,droplet,3m,21m,female,Liver,Selenbp2,-4.2257399559021,0.00014309078687801957,7.647809979971498e-06,0.0002533280348870903,1.3649666426662845e-30
41,droplet,3m,21m,female,Spleen,Gm7609,4.222375392913818,2.491085297151585e-06,4.6499731979565695e-05,0.00012042900925735012,2.1423936911216248e-120
42,droplet,3m,21m,female,Spleen,Lcn2,4.1870293617248535,1.1141192771901842e-05,0.00020293322450015694,0.001906069228425622,9.874292985985957e-10
43,droplet,3m,21m,female,Limb_Muscle,Sell,-4.176138877868652,2.899720857385546e-05,1.6040312402765267e-06,0.00012106318172300234,2.654264841020385e-27
44,droplet,3m,21m,female,Liver,Cnn2,4.153166770935059,5.010148015571758e-06,8.914118370739743e-05,0.00022274676302913576,1.4137425101163386e-07
45,droplet,3m,21m,female,Spleen,Il1r2,4.146517753601074,9.242930332220567e-07,1.6369536751881242e-05,0.0001487217959947884,7.371922734063637e-08
46,droplet,3m,21m,female,Liver,S100a11,4.1373066902160645,1.0401784493296873e-05,0.00018304643162991852,0.0004377959994599223,1.4903802485208648e-08
47,droplet,3m,21m,female,Liver,Cyp3a11,-4.135707378387451,0.003391783917322755,0.0001929550780914724,0.002504992298781872,1.2800806669509562e-185
48,droplet,3m,21m,female,Liver,Cmtm7,4.100281238555908,3.663634970507701e-06,6.283764378167689e-05,0.00016557049821130931,2.962909833561546e-06
49,droplet,3m,21m,female,Spleen,Hoxa7,4.034068584442139,6.409095476556104e-07,1.0499606105440762e-05,5.526941822608933e-05,1.532640703665356e-10
50,droplet,3m,21m,female,Spleen,Dapl1,-4.024445533752441,0.00013809261145070195,8.485777470923495e-06,0.0004657865792978555,4.194097243853596e-71
51,droplet,3m,21m,female,Kidney,Cd79a,3.932102918624878,4.7155554057098925e-06,7.198033563327044e-05,0.0004486101970542222,4.327090947378632e-06
52,droplet,3m,21m,female,Liver,C8b,-3.928480386734009,0.00014235034177545458,9.349061656394042e-06,0.00019022471678908914,9.681289886638753e-53
53,droplet,3m,21m,female,Liver,Sh3bgrl3,3.8831639289855957,3.176755126332864e-05,0.00046874055988155305,0.0009633288718760014,2.04756339395508e-12
54,droplet,3m,21m,female,Limb_Muscle,Gm8369,-3.8823113441467285,1.6425527064711787e-05,1.1138502031826647e-06,8.605822222307324e-05,1.5849856434706987e-12
55,droplet,3m,21m,female,Spleen,Slpi,3.871328592300415,3.0864895961713046e-05,0.0004517007910180837,0.004272732883691788,7.728493913863947e-10
56,droplet,3m,21m,female,Spleen,Ltf,3.8688344955444336,4.883726433035918e-06,7.134879706427455e-05,0.0007382712210528553,8.419021889503282e-07
57,droplet,3m,21m,female,Mammary_Gland,Fam5c,3.8232715129852295,5.793551167698752e-07,8.200964657589793e-06,3.962921255151741e-05,6.500594371699318e-06
58,droplet,3m,21m,female,Kidney,Rn45s,-3.8016180992126465,0.030205141752958298,0.0021661065984517336,0.04101318120956421,9.827488602096401e-110
59,droplet,3m,21m,female,Limb_Muscle,Txk,-3.784782886505127,1.3315559044713154e-05,9.661083595347009e-07,8.041302498895675e-05,1.214827678070064e-07
60,droplet,3m,21m,female,Spleen,Ngp,3.780841588973999,3.29390459228307e-05,0.00045274922740645707,0.004388462286442518,5.7746046716712284e-08
61,droplet,3m,21m,female,Liver,Fxyd5,3.7660508155822754,1.0096411642734893e-05,0.0001373603445244953,0.0003434525278862566,3.8557774476057784e-07
62,droplet,3m,21m,female,Mammary_Gland,Tmem88b,3.75679087638855,1.2077782685082639e-06,1.6326544937328435e-05,6.90357483108528e-05,4.759218752774007e-21
63,droplet,3m,21m,female,Liver,Arhgdib,3.7514753341674805,1.60459730977891e-05,0.00021610892144963145,0.00044349257950671017,3.5177434517069715e-12
64,droplet,3m,21m,female,Liver,Sult3a1,-3.7486469745635986,0.0001235337258549407,9.190313903673086e-06,0.00023537060769740492,2.334836004114935e-23
65,droplet,3m,21m,female,Spleen,S100a8,3.72166109085083,0.00018459915008861572,0.0024353498592972755,0.0216691792011261,1.6759269000045792e-10
66,droplet,3m,21m,female,Spleen,Rab7,-3.7193968296051025,1.1329219887556974e-05,8.6010106770118e-07,5.437951404019259e-05,8.705404650379377e-11
67,droplet,3m,21m,female,Limb_Muscle,Ms4a4b,-3.7044715881347656,4.081870793015696e-05,3.131136963929748e-06,0.00021034761448390782,1.1156770608389634e-17
68,droplet,3m,21m,female,Limb_Muscle,Fcer2a,-3.667175769805908,1.966922718565911e-05,1.5483072957067634e-06,0.00011798158084275201,3.99167435730195e-10
69,droplet,3m,21m,female,Liver,Crip1,3.6603355407714844,2.9251439627842046e-05,0.0003698435320984572,0.0009434276726096869,1.6826045194356097e-06
70,droplet,3m,21m,female,Spleen,Camp,3.638131618499756,4.32978049502708e-05,0.0005390793085098267,0.005277759395539761,1.4976419774727792e-07
71,droplet,3m,21m,female,Spleen,1100001G20Rik,3.63798189163208,8.244098353316076e-06,0.00010263250442221761,0.0009301344398409128,9.42843545760114e-10
72,droplet,3m,21m,female,Spleen,Klk1b27,3.630368947982788,1.4855280596748344e-06,1.839632386690937e-05,8.055864600464702e-05,4.580610254606003e-25
73,droplet,3m,21m,female,Kidney,Abcc3,3.5881948471069336,1.5732805422885576e-06,1.892172258521896e-05,8.700125181348994e-05,1.262092037543058e-10
74,droplet,3m,21m,female,Spleen,Apoc2,3.5815813541412354,5.038734343543183e-06,6.03232801950071e-05,0.0002803622919600457,3.3859608027260936e-39
75,droplet,3m,21m,female,Spleen,4632427E13Rik,-3.571701765060425,1.2010368664050475e-05,1.0101051657329663e-06,5.6845983635867015e-05,1.1519982118811567e-11
76,droplet,3m,21m,female,Liver,Emp3,3.554516077041626,7.674069820495788e-06,9.016577678266913e-05,0.0002232809638371691,9.729636929030356e-07
77,droplet,3m,21m,female,Heart_and_Aorta,Srp54b,-3.5105204582214355,2.3986231099115685e-05,2.1046982965344796e-06,6.173163274070248e-05,1.0787793950446168e-08
78,droplet,3m,21m,female,Marrow,Hist1h1b,-3.4710819721221924,0.00021377175289671868,1.9277489627711475e-05,0.0005466423463076353,1.4091520252174186e-90
79,droplet,3m,21m,female,Spleen,S100a9,3.4531660079956055,0.0001705068425508216,0.001867447281256318,0.016272298991680145,3.4959436400031096e-10
80,droplet,3m,21m,female,Mammary_Gland,C130026I21Rik,3.409701347351074,3.3827766401373083e-06,3.5949746234109625e-05,0.00013307455810718238,8.932201971113642e-44
81,droplet,3m,21m,female,Kidney,Hdc,3.405501365661621,2.435208261886146e-05,0.00025804428150877357,0.0006430522771552205,3.5891547623198726e-55
82,droplet,3m,21m,female,Spleen,Cacna1s,3.397155523300171,6.521583600260783e-06,6.870665674796328e-05,0.0001479278871556744,1.5302735384993332e-171
83,droplet,3m,21m,female,Spleen,Diras2,3.3891475200653076,8.679066922923084e-07,9.093028893403243e-06,5.343783413991332e-05,2.3773421721762864e-06
84,droplet,3m,21m,female,Liver,C8a,-3.386974573135376,0.00012922500900458544,1.2352806152193807e-05,0.00016967752890195698,5.4646401533027095e-49
85,droplet,3m,21m,female,Kidney,Gm853,3.386523723602295,1.7778069150153897e-06,1.8592167180031538e-05,9.577553282724693e-05,7.944455645708306e-08
86,droplet,3m,21m,female,Spleen,Chst1,3.385896682739258,1.1276833902229555e-06,1.1788106348831207e-05,9.437846892978996e-05,2.486348816232446e-06
87,droplet,3m,21m,female,Spleen,Lag3,3.3794498443603516,7.392380666715326e-06,7.693078077863902e-05,0.00036537859705276787,1.721431725495807e-42
88,droplet,3m,21m,female,Marrow,Hist1h2ab,-3.357434034347534,4.844140858040191e-05,4.726376573671587e-06,0.00015210134733933955,4.891579965639566e-50
89,droplet,3m,21m,female,Spleen,Pdcd1,3.309373378753662,2.6440720830578357e-06,2.621163184812758e-05,0.00014110775373410434,4.504231973517843e-24
90,droplet,3m,21m,female,Kidney,Cyp2a4,3.30112624168396,9.51794208958745e-06,9.381690324516967e-05,0.0003140098415315151,6.04802706143711e-28
91,droplet,3m,21m,female,Limb_Muscle,Lat,-3.285632371902466,3.570517583284527e-05,3.6614842429116834e-06,0.00016150220471899956,2.1576759800342705e-21
92,droplet,3m,21m,female,Liver,Pkm2,3.2685797214508057,1.096701635106001e-05,0.00010568882134975865,0.000221884751226753,3.8562838015107654e-10
93,droplet,3m,21m,female,Lung,Gzmk,3.235874891281128,2.7798087103292346e-06,2.6188487026956864e-05,0.00015882108709774911,1.3503986905173426e-07
94,droplet,3m,21m,female,Spleen,Fam89a,3.2336363792419434,9.55302539296099e-07,8.985927706817165e-06,5.4415759223047644e-05,9.49157319599181e-06
95,droplet,3m,21m,female,Spleen,Stx3,3.226264476776123,1.4165025277179666e-06,1.3256229976832401e-05,6.363732973113656e-05,2.3588780878038575e-14
96,droplet,3m,21m,female,Marrow,Gm4759,-3.2240874767303467,1.0182860023633111e-05,1.0897385891439626e-06,4.852177880820818e-05,5.488673568467205e-07
97,droplet,3m,21m,female,Liver,Rps15a-ps4,3.2201104164123535,9.379042603541166e-05,0.0008739937911741436,0.001429985510185361,4.9916048691311896e-20
98,droplet,3m,21m,female,Mammary_Gland,Fam25c,-3.2046003341674805,5.5421984143322334e-05,6.011753612256143e-06,0.000359413621481508,7.434659000773237e-14
99,droplet,3m,21m,female,Mammary_Gland,Krtdap,3.1909122467041016,2.733576138780336e-06,2.4962702809716575e-05,0.00016826762293931097,2.104162265430974e-11
100,droplet,3m,21m,female,Liver,Egfr,-3.1891226768493652,0.00014224709593690932,1.5596308003296144e-05,0.00017889952869154513,3.94536343635786e-51
101,droplet,3m,21m,female,Heart_and_Aorta,Rn45s,-3.1749212741851807,0.007828607223927975,0.0008668380905874074,0.012992856092751026,1.113410076547753e-29
102,droplet,3m,21m,female,Mammary_Gland,Mrgprg,3.1683175563812256,4.754113433591556e-06,4.273938247933984e-05,0.00029442718368954957,8.070315371303851e-12
103,droplet,3m,21m,female,Liver,Cd53,3.1630516052246094,1.3119424693286419e-05,0.00011751362035283819,0.00026936965878121555,5.614587532110775e-07
104,droplet,3m,21m,female,Kidney,Serpina1f,3.1623337268829346,1.2942413377459161e-05,0.00011587042536120862,0.00039553819806315005,1.29303244966056e-23
105,droplet,3m,21m,female,Spleen,Fah,3.161959409713745,2.73530190497695e-06,2.4482174922013655e-05,7.901256321929395e-05,4.5018230419710155e-45
106,droplet,3m,21m,female,Spleen,BC064078,3.1609435081481934,8.399771104450338e-06,7.512877346016467e-05,0.0001688304473645985,4.083826852917505e-159
107,droplet,3m,21m,female,Spleen,Tg,3.156446695327759,1.0141043276234996e-06,9.042076271725819e-06,4.619236278813332e-05,1.4088377623537694e-06
108,droplet,3m,21m,female,Spleen,Lilrb4,3.153893232345581,4.291192908567609e-06,3.8193949876585975e-05,0.00011918478412553668,8.057287284535937e-68
109,droplet,3m,21m,female,Kidney,Mettl7a2,3.149552583694458,4.328529030317441e-06,3.841052239295095e-05,0.0001468314294470474,4.962707963529492e-19
110,droplet,3m,21m,female,Spleen,Gp49a,3.133556365966797,1.1407141755626071e-06,1.0010865480580833e-05,6.145070801721886e-05,1.5520534299189442e-06
111,droplet,3m,21m,female,Liver,Fam49b,3.130772590637207,8.990036803879775e-06,7.87440876592882e-05,0.00019521576177794486,3.7904327408954395e-06
112,droplet,3m,21m,female,Limb_Muscle,Limd2,-3.122817277908325,0.00013273775402922183,1.5238168089126702e-05,0.00034382991725578904,8.593029165643868e-79
113,droplet,3m,21m,female,Marrow,Lef1,-3.1111788749694824,2.0492609110078774e-05,2.3715865609119646e-06,0.0001024665471049957,1.1514113920996332e-13
114,droplet,3m,21m,female,Liver,Shisa5,3.110145092010498,3.590853157220408e-05,0.0003100592002738267,0.0006226446130312979,1.4601787674803902e-11
115,droplet,3m,21m,female,Liver,Limd2,3.107123374938965,1.609898936294485e-05,0.00013871901319362223,0.0003162213834002614,4.141146616948772e-08
116,droplet,3m,21m,female,Marrow,Diap3,-3.092555046081543,2.2031985281500965e-05,2.582864908617921e-06,6.79468794260174e-05,5.024664154016096e-31
117,droplet,3m,21m,female,Liver,Tagln2,3.0914039611816406,1.9728033294086345e-05,0.00016814700211398304,0.00040949039976112545,1.577133522606068e-06
118,droplet,3m,21m,female,Limb_Muscle,Fcrla,-3.0816946029663086,3.6668152461061254e-05,4.331181571615161e-06,0.00016652513295412064,1.5325772095735205e-20
119,droplet,3m,21m,female,Limb_Muscle,Cd27,-3.064194679260254,1.5586683730361983e-05,1.8635412288858788e-06,9.407513425685465e-05,2.5136542521967326e-07
120,droplet,3m,21m,female,Kidney,Ceacam2,3.053682327270508,2.302605025761295e-06,1.91191938938573e-05,9.009861969389021e-05,4.670961235693365e-08
121,droplet,3m,21m,female,Kidney,0610040F04Rik,3.052009105682373,2.1859116259292932e-06,1.8129216186935082e-05,7.016702875262126e-05,3.8856879764772454e-12
122,droplet,3m,21m,female,Spleen,Plcd3,3.0483787059783936,1.1122435807919828e-06,9.201395187119488e-06,4.852592246606946e-05,1.530731794092484e-06
123,droplet,3m,21m,female,Liver,Ptpn18,3.045715093612671,1.975956365640741e-05,0.00016316573601216078,0.00035375577863305807,1.76541109183963e-08
124,droplet,3m,21m,female,Marrow,Bmp2k,-3.0406076908111572,1.5386418453999795e-05,1.869920879471465e-06,5.281304765958339e-05,9.306644288831048e-18
125,droplet,3m,21m,female,Marrow,Hist2h2ac,-3.039712905883789,5.279973629512824e-05,6.4207679315586574e-06,0.00014125842426437885,2.18115560961437e-64
126,droplet,3m,21m,female,Limb_Muscle,Fam65b,-3.0281741619110107,1.5026769688120112e-05,1.8420192873236374e-06,7.322033343371004e-05,1.348187292477311e-10
127,droplet,3m,21m,female,Marrow,Cpeb4,-3.026263475418091,1.373167924612062e-05,1.6854945670274901e-06,5.178580613574013e-05,7.235447894778812e-14
128,droplet,3m,21m,female,Liver,Srgn,3.0241010189056396,2.6107964004040696e-05,0.00021238223416730762,0.0004446057428140193,1.1869588325297546e-09
129,droplet,3m,21m,female,Spleen,Ramp3,3.020237445831299,2.7177118226973107e-06,2.2048832761356607e-05,8.07010947028175e-05,2.071049827297347e-33
130,droplet,3m,21m,female,Spleen,Havcr1,2.9849040508270264,1.4981596905272454e-06,1.1860528502438683e-05,5.576929834205657e-05,2.3536004879284604e-11
131,droplet,3m,21m,female,Marrow,Ddx23,-2.9707508087158203,9.758414307725616e-06,1.2447835615603253e-06,3.4200747904833406e-05,4.6598050372170105e-08
132,droplet,3m,21m,female,Spleen,Actn2,-2.9679360389709473,1.1735556654457469e-05,1.4999114910096978e-06,6.758989184163511e-05,2.036199997477624e-07
133,droplet,3m,21m,female,Limb_Muscle,Cd3d,-2.965000867843628,6.756199582014233e-05,8.652632459416054e-06,0.0002723274810705334,3.41028023680773e-26
134,droplet,3m,21m,female,Spleen,Tiam1,2.950092315673828,1.4449420859818929e-06,1.116649764298927e-05,6.503387703560293e-05,3.6391762588374234e-08
135,droplet,3m,21m,female,Spleen,Cd80,2.9443163871765137,1.1828453807538608e-06,9.104494893108495e-06,4.852175334235653e-05,4.3595903914098014e-06
136,droplet,3m,21m,female,Mammary_Gland,Dact2,2.937568426132202,1.9261776742496295e-06,1.4756817108718678e-05,8.849005826050416e-05,9.715365474054943e-10
137,droplet,3m,21m,female,Marrow,Hist1h2ae,-2.9344029426574707,0.00039465914596803486,5.162723391549662e-05,0.0010747170308604836,5.296870879521184e-72
138,droplet,3m,21m,female,Limb_Muscle,Fcrl1,-2.919983148574829,1.4864964214211795e-05,1.9640890513983322e-06,8.238403825089335e-05,2.9926291626607376e-08
139,droplet,3m,21m,female,Liver,Laptm5,2.9127793312072754,2.5607361749280244e-05,0.00019284075824543834,0.0004593734338413924,4.760557941597715e-06
140,droplet,3m,21m,female,Liver,Tmsb4x,2.910165786743164,0.000702778750564903,0.005282820202410221,0.009680145420134068,6.314149495675652e-13
141,droplet,3m,21m,female,Spleen,2610019F03Rik,-2.8996942043304443,1.2984233762836084e-05,1.739887352414371e-06,6.387651228578761e-05,1.1713051433003965e-10
142,droplet,3m,21m,female,Liver,Cdh1,-2.8962748050689697,7.185450522229075e-05,9.651355867390521e-06,0.00016857177251949906,1.7192374531705075e-11
143,droplet,3m,21m,female,Liver,Mug1,-2.8951408863067627,0.0007722408045083284,0.00010380744060967118,0.0007732540834695101,2.43368052639825e-82
144,droplet,3m,21m,female,Spleen,Selm,2.882732629776001,2.0370277979964158e-06,1.5024018466647249e-05,7.46061559766531e-05,5.952759857811544e-15
145,droplet,3m,21m,female,Lung,Gm12657,-2.872497797012329,6.563460920006037e-05,8.962411811808124e-06,0.0001281741278944537,2.490316518880637e-47
146,droplet,3m,21m,female,Spleen,Lef1,-2.8694956302642822,5.446527211461216e-05,7.452728823409416e-06,0.00016270506603177637,1.79159484818982e-64
147,droplet,3m,21m,female,Limb_Muscle,Cd79b,-2.8668508529663086,0.0001000221527647227,1.3711598512600176e-05,0.0003934550331905484,8.649090182627519e-30
148,droplet,3m,21m,female,Limb_Muscle,Skap1,-2.866356372833252,1.5523053662036546e-05,2.128716232618899e-06,8.325499948114157e-05,1.2233180586808493e-08
149,droplet,3m,21m,female,Limb_Muscle,Satb1,-2.8551318645477295,7.903909863671288e-05,1.092349430109607e-05,0.0002543538575991988,2.5028984471072683e-43
150,droplet,3m,21m,female,Liver,Hao2,2.8222618103027344,1.1397426533221733e-05,8.061062544584274e-05,0.00012274921755306423,1.2039171391825646e-18
151,droplet,3m,21m,female,Limb_Muscle,Traf3ip3,-2.8165931701660156,1.268102914764313e-05,1.8000114323513117e-06,6.4760388340801e-05,9.703148045261417e-08
152,droplet,3m,21m,female,Thymus,Faim3,2.8144495487213135,5.547147338802461e-06,3.9021459087962285e-05,0.00022264072322286665,6.335578571065214e-07
153,droplet,3m,21m,female,Mammary_Gland,Myoc,2.8130362033843994,1.613191852811724e-05,0.00011336900206515566,0.0005574946408160031,7.554646521926731e-24
154,droplet,3m,21m,female,Limb_Muscle,Cd3g,-2.7984161376953125,7.813533738953993e-05,1.123156471294351e-05,0.0003278730728197843,7.380948857976586e-23
155,droplet,3m,21m,female,Marrow,Ccdc88c,-2.7962958812713623,9.964581295207608e-06,1.434464593330631e-06,3.880302028846927e-05,3.3711994114415256e-07
156,droplet,3m,21m,female,Spleen,Tnfrsf4,2.7944815158843994,9.73518308455823e-06,6.754091009497643e-05,0.0003586915845517069,5.227472197336769e-25
157,droplet,3m,21m,female,Marrow,Atf3,-2.792123317718506,2.6085135687026195e-05,3.7659988265659194e-06,8.901703404262662e-05,2.9822775020087844e-28
158,droplet,3m,21m,female,Limb_Muscle,Lck,-2.7918050289154053,3.493281838018447e-05,5.044481440563686e-06,0.0001524971448816359,1.8204790632675985e-19
159,droplet,3m,21m,female,Spleen,Fgl2,2.7873032093048096,1.0203621059190482e-05,7.04394988133572e-05,0.00016427316586486995,1.2889484668327045e-124
160,droplet,3m,21m,female,Marrow,Ccl2,-2.776231288909912,2.4644044970045798e-05,3.5973528156318935e-06,0.00012952259567100555,1.1646004753049911e-12
161,droplet,3m,21m,female,Spleen,Ctla4,2.776130199432373,2.35540437643067e-06,1.613481799722649e-05,8.145028550643474e-05,5.9515047398685865e-15
162,droplet,3m,21m,female,Limb_Muscle,Cd3e,-2.775571584701538,4.020619235234335e-05,5.871683242730796e-06,0.00017350033158436418,1.0181887039921686e-19
163,droplet,3m,21m,female,Kidney,Hook1,-2.770918130874634,2.6195630198344588e-05,3.8379498619178776e-06,7.368630758719519e-05,2.563250095497223e-14
164,droplet,3m,21m,female,Kidney,Slc22a7,2.768566846847534,1.6665575458318926e-05,0.00011356434697518125,0.0004548703436739743,2.595201179784275e-13
165,droplet,3m,21m,female,Mammary_Gland,Lef1,-2.7624471187591553,4.950078437104821e-05,7.295122941286536e-06,0.0001361597387585789,3.287623689550169e-65
166,droplet,3m,21m,female,Marrow,Akap12,-2.7499685287475586,3.4577646147226915e-05,5.140108896739548e-06,0.00013938256597612053,1.441103998754931e-23
167,droplet,3m,21m,female,Liver,Rpl34-ps1,2.7479100227355957,2.3321646949625574e-05,0.00015666162653360516,0.00026711091049946845,2.3223047470418085e-15
168,droplet,3m,21m,female,Heart_and_Aorta,Bmpr2,-2.747251510620117,4.5574815885629505e-05,6.78765445627505e-06,9.852711082203314e-05,2.0859208246925127e-12
169,droplet,3m,21m,female,Spleen,Lipc,2.744736433029175,7.786885362293106e-06,5.2192943257978186e-05,0.00013379842857830226,4.9549855214646555e-96
170,droplet,3m,21m,female,Kidney,Mogat2,-2.7347586154937744,1.5859790437389165e-05,2.3826100914448034e-06,5.8526042266748846e-05,7.60056482557305e-06
171,droplet,3m,21m,female,Limb_Muscle,Ms4a4c,-2.733797550201416,2.3877457351773046e-05,3.589491598177119e-06,0.0001224042207468301,4.465926490764432e-11
172,droplet,3m,21m,female,Marrow,Hist1h2ai,-2.7302052974700928,1.0801314601849299e-05,1.6278061139018973e-06,4.657208046410233e-05,1.4525930362676907e-07
173,droplet,3m,21m,female,Marrow,AI607873,-2.728243350982666,4.490078936214559e-05,6.775959718652302e-06,0.00014390498108696193,3.5561377821214544e-40
174,droplet,3m,21m,female,Limb_Muscle,Pyhin1,-2.7279233932495117,1.642206552787684e-05,2.47879665948858e-06,7.630256004631519e-05,1.7619826089986122e-11
175,droplet,3m,21m,female,Spleen,1810046K07Rik,2.7214722633361816,1.9004692148882896e-06,1.2534464985947125e-05,6.270964513532817e-05,1.4244793866715727e-10
176,droplet,3m,21m,female,Marrow,Ces1d,2.7117486000061035,1.9448361854301766e-06,1.2740923011733685e-05,4.9576236051507294e-05,7.130507873458904e-13
177,droplet,3m,21m,female,Spleen,Sdcbp2,2.711358070373535,2.1461694359459216e-06,1.4056081454327796e-05,7.135869236662984e-05,2.9633277120965644e-12
178,droplet,3m,21m,female,Spleen,Pydc4,-2.7034435272216797,3.8451471482403576e-05,5.903305464016739e-06,0.00011379463830962777,3.305236444883005e-53
179,droplet,3m,21m,female,Spleen,Tmem106a,2.6920382976531982,2.8677202408289304e-06,1.8531951354816556e-05,7.281837315531448e-05,3.3901759459453305e-23
180,droplet,3m,21m,female,Liver,Rpl30,2.6813933849334717,1.018440343614202e-05,6.53304232400842e-05,0.00012742144463118166,4.2488984705015877e-10
181,droplet,3m,21m,female,Marrow,Slfn14-ps,-2.6792032718658447,2.9334190912777558e-05,4.579873802867951e-06,0.00015284793335013092,6.247244734754808e-13
182,droplet,3m,21m,female,Limb_Muscle,Ptprcap,-2.676785469055176,8.331937715411186e-05,1.3030265108682215e-05,0.0002484124561306089,1.8084422078370012e-47
183,droplet,3m,21m,female,Spleen,Tubb2b,2.662851095199585,7.0514770413865335e-06,4.465583333512768e-05,0.00013311050133779645,1.0395993519514611e-68
184,droplet,3m,21m,female,Limb_Muscle,Gimap3,-2.6594908237457275,3.390868005226366e-05,5.366910045268014e-06,0.00014103029388934374,2.182310087647755e-20
185,droplet,3m,21m,female,Liver,Serpinb1a,2.6519765853881836,1.4040076166565996e-05,8.824578981148079e-05,0.0001973726466530934,5.116731914297117e-07
186,droplet,3m,21m,female,Limb_Muscle,Faim3,-2.6434545516967773,5.9600064560072497e-05,9.538665835862048e-06,0.0002501940180081874,1.6606910881636605e-22
187,droplet,3m,21m,female,Spleen,0610007N19Rik,2.638420581817627,1.030444309435552e-05,6.416058749891818e-05,0.00014912021288182586,4.356662621066584e-121
188,droplet,3m,21m,female,Mammary_Gland,Chac1,-2.634403944015503,1.3533476703742053e-05,2.1795890461362433e-06,5.982089351164177e-05,1.2343983313035252e-09
189,droplet,3m,21m,female,Spleen,Clip2,2.631969928741455,2.0277332168916473e-06,1.2569352293212432e-05,5.692241757060401e-05,1.597495825251112e-11
190,droplet,3m,21m,female,Liver,Rbm3,2.6230387687683105,2.4578170268796384e-05,0.00015141291078180075,0.00029904450639151037,3.0162531594803836e-10
191,droplet,3m,21m,female,Liver,Rps15a-ps6,2.622483253479004,7.496069156331941e-05,0.0004616147489286959,0.0007939172792248428,5.370327077019532e-15
192,droplet,3m,21m,female,Spleen,Acsl3,-2.619089365005493,1.2156713637523353e-05,1.978752834475017e-06,6.139212200650945e-05,2.1181353355018964e-08
193,droplet,3m,21m,female,Lung,Ager,2.613994836807251,9.20579805097077e-06,5.6357581343036145e-05,0.0003750958130694926,9.150912431289543e-06
194,droplet,3m,21m,female,Liver,Gm9320,2.612037181854248,3.782167550525628e-05,0.00023122898710425943,0.00042695674346759915,2.4324744844882445e-12
195,droplet,3m,21m,female,Liver,Serpina3k,-2.6104836463928223,0.014677979052066803,0.0024034352973103523,0.007659010123461485,5.022120086605339e-281
196,droplet,3m,21m,female,Spleen,Ddx23,-2.608218193054199,1.5603942301822826e-05,2.5590709356038133e-06,6.474758993135765e-05,4.398744064673407e-15
197,droplet,3m,21m,female,Liver,Cyba,2.608030080795288,4.426542000146583e-05,0.00026987327146343887,0.0005499086109921336,2.9462406391891592e-08
198,droplet,3m,21m,female,Marrow,Specc1,-2.6048014163970947,2.2539505152963102e-05,3.7052793686598307e-06,8.106925088213757e-05,4.503132144660693e-22
199,droplet,3m,21m,female,Marrow,Vps13c,-2.6033260822296143,2.083660729113035e-05,3.4288436836504843e-06,5.543825318454765e-05,7.661522782136466e-30
200,droplet,3m,21m,female,Liver,Mup20,-2.598942995071411,0.00036685116356238723,6.055222183931619e-05,0.0005492569762282073,3.577147316598257e-31
201,droplet,3m,21m,female,Marrow,Hist1h4d,-2.586277961730957,6.293314072536305e-05,1.047929617925547e-05,0.0001678110274951905,1.1634415247993947e-59
202,droplet,3m,21m,female,Liver,Cyp2c50,-2.5742347240448,0.0011096866801381111,0.00018632816500030458,0.0010203170822933316,3.731520284027955e-79
203,droplet,3m,21m,female,Spleen,Zfp608,-2.568540573120117,2.319793748029042e-05,3.910583473043516e-06,8.452691690763459e-05,2.2894286985476928e-26
204,droplet,3m,21m,female,Marrow,Hist1h1a,-2.5664427280426025,5.7284585636807606e-05,9.670779036241584e-06,0.00018041361181531101,1.1386566048711375e-42
205,droplet,3m,21m,female,Spleen,Gpm6b,2.5630834102630615,3.899112925864756e-06,2.304256850038655e-05,0.00012500735465437174,4.35377994978875e-17
206,droplet,3m,21m,female,Mammary_Gland,Islr2,2.561833620071411,1.8419494836052763e-06,1.0875936823140364e-05,5.026651342632249e-05,1.243705669914688e-07
207,droplet,3m,21m,female,Limb_Muscle,Plcxd2,-2.559887409210205,1.3650213077198714e-05,2.3149220851337304e-06,7.066246325848624e-05,2.48041428273368e-07
208,droplet,3m,21m,female,Spleen,9930111J21Rik1,-2.5551421642303467,1.8679829736356623e-05,3.1783256417838857e-06,7.113491301424801e-05,4.3863928308344534e-20
209,droplet,3m,21m,female,Liver,Sult2a5,2.5494441986083984,2.6099713068106212e-05,0.0001527900021756068,0.0003081166069023311,1.2303186588534287e-08
210,droplet,3m,21m,female,Liver,Arpc1b,2.5305421352386475,3.903331162291579e-05,0.00022553009330295026,0.0003877146518789232,1.797956108960439e-13
211,droplet,3m,21m,female,Mammary_Gland,Fibin,2.5242326259613037,4.23295341533958e-06,2.4350802050321363e-05,9.39001256483607e-05,5.076088759808612e-25
212,droplet,3m,21m,female,Spleen,A530032D15Rik,2.5067381858825684,1.604152566869743e-05,9.116940054809675e-05,0.00016690009215380996,9.129974397320273e-192
213,droplet,3m,21m,female,Spleen,Cd226,-2.5060529708862305,2.016798134718556e-05,3.5503014714777237e-06,8.683775376994163e-05,4.474747350218989e-18
214,droplet,3m,21m,female,Limb_Muscle,Ltb,-2.494755268096924,7.765809277771041e-05,1.3778137144981883e-05,0.0002705721417441964,2.000007888089377e-26
215,droplet,3m,21m,female,Marrow,Cct6a,-2.4895527362823486,2.580210093583446e-05,4.594359324983088e-06,5.7487970479996875e-05,5.203845540875749e-44
216,droplet,3m,21m,female,Limb_Muscle,Cd79a,-2.4895057678222656,0.00028099888004362583,5.0036705943057314e-05,0.0009098490118049085,9.155274788677107e-40
217,droplet,3m,21m,female,Mammary_Gland,Tspan8,2.4852302074432373,7.515474408137379e-06,4.2080926505150273e-05,0.00016827715444378555,5.609302752370655e-32
218,droplet,3m,21m,female,Limb_Muscle,Tbc1d10c,-2.4850821495056152,1.8849957996280864e-05,3.3668675314402208e-06,8.088184404186904e-05,5.364519811183502e-13
219,droplet,3m,21m,female,Spleen,Igj,2.48455548286438,0.00042760884389281273,0.002393163740634918,0.017377926036715508,1.6233526046816658e-10
220,droplet,3m,21m,female,Spleen,Laptm4b,2.4800186157226562,2.0251623027434107e-06,1.1298478966637049e-05,5.8928093494614586e-05,6.45630509277078e-08
221,droplet,3m,21m,female,Kidney,Slc7a12,2.473593235015869,1.2891476217191666e-05,7.160253881011158e-05,0.0002798326313495636,1.5501441468620638e-10
222,droplet,3m,21m,female,Spleen,Rcn3,2.4677233695983887,1.1919842108909506e-05,6.593701255042106e-05,0.00015137299487832934,6.250726599886164e-114
223,droplet,3m,21m,female,Spleen,Derl3,2.4632177352905273,5.696793778042775e-06,3.1414707336807624e-05,0.00016008630336727947,4.550852050419107e-22
224,droplet,3m,21m,female,Marrow,C130026I21Rik,2.4596056938171387,5.402656370279146e-06,2.9718197765760124e-05,0.00010734389070421457,6.50570394003259e-32
225,droplet,3m,21m,female,Liver,Rgs16,2.453408718109131,2.7530448278412223e-05,0.00015078665455803275,0.00022131449077278376,3.433322726737195e-19
226,droplet,3m,21m,female,Mammary_Gland,Csprs,2.4483771324157715,2.0423217392817605e-06,1.1147033546876628e-05,4.72145366074983e-05,4.6600641865150144e-08
227,droplet,3m,21m,female,Marrow,Xrn1,-2.4403414726257324,1.8263612219016068e-05,3.364888016221812e-06,5.2333445637486875e-05,5.836737539163379e-22
228,droplet,3m,21m,female,Heart_and_Aorta,Mid1,2.4395840167999268,4.1627135942690074e-06,2.2582111341762356e-05,6.700865196762607e-05,1.1010882795260787e-06
229,droplet,3m,21m,female,Marrow,2410076I21Rik,-2.4232351779937744,3.909205042873509e-05,7.288227152457694e-06,0.000174437984242104,1.893875023872302e-17
230,droplet,3m,21m,female,Limb_Muscle,Il21r,-2.4216551780700684,4.119906225241721e-05,7.689470294280909e-06,0.00015651356079615653,5.6787284965779e-23
231,droplet,3m,21m,female,Liver,Cyp2b13,-2.42073917388916,0.0001506444823462516,2.8134427338954993e-05,0.00022858379816170782,1.9097630894946125e-25
232,droplet,3m,21m,female,Spleen,Gas7,2.4108428955078125,2.50505399890244e-06,1.3321504411578644e-05,5.878731462871656e-05,1.2545087506491622e-11
233,droplet,3m,21m,female,Liver,Clic1,2.4020369052886963,3.170190757373348e-05,0.00016756007971707731,0.00030716718174517155,1.3374430899356838e-10
234,droplet,3m,21m,female,Limb_Muscle,Blk,-2.401799440383911,2.5765240934561007e-05,4.875515060120961e-06,0.0001262483565369621,4.3208799123674375e-12
235,droplet,3m,21m,female,Mammary_Gland,Tmem45a,2.4017038345336914,7.528829883085564e-06,3.978436143370345e-05,0.00010534432658459991,1.7997427203954307e-58
236,droplet,3m,21m,female,Marrow,Ccr9,-2.401278495788574,3.594059307943098e-05,6.803436463087564e-06,0.00017450547602493316,7.359085013871452e-14
237,droplet,3m,21m,female,Spleen,Nfil3,2.390449285507202,2.0583424884534907e-06,1.0792317880259361e-05,5.484584471560083e-05,5.798885741905594e-07
238,droplet,3m,21m,female,Spleen,Adssl1,2.3890810012817383,7.974849722813815e-06,4.177414666628465e-05,0.00011663037730613723,4.7917213021939456e-64
239,droplet,3m,21m,female,Limb_Muscle,Ccr7,-2.387263298034668,0.00011411980813136324,2.1813390048919246e-05,0.0004636542871594429,4.180467512758791e-21
240,droplet,3m,21m,female,Spleen,Nt5e,2.3815298080444336,3.900690899172332e-06,2.0326073354226537e-05,8.21318753878586e-05,8.632810766433446e-22
241,droplet,3m,21m,female,Limb_Muscle,B4galnt1,-2.3799190521240234,4.112482565687969e-05,7.900908713054378e-06,0.00013428482634481043,1.403204378636595e-32
242,droplet,3m,21m,female,Mammary_Gland,Nov,2.3703441619873047,3.3256269489356782e-06,1.7195636246469803e-05,8.637924474896863e-05,7.811688531259681e-12
243,droplet,3m,21m,female,Mammary_Gland,Wisp2,2.368330478668213,5.0151011237176135e-06,2.5895140424836427e-05,0.00016831984976306558,2.2557184640531282e-09
244,droplet,3m,21m,female,Limb_Muscle,Bank1,-2.361154079437256,2.3152955691330135e-05,4.506383902480593e-06,0.0001069556237780489,8.563256766969141e-13
245,droplet,3m,21m,female,Spleen,2610018G03Rik,-2.3528237342834473,1.514686482551042e-05,2.965187150039128e-06,6.483180914074183e-05,1.7233530799822083e-12
246,droplet,3m,21m,female,Spleen,Lyst,-2.3528125286102295,4.2500865674810484e-05,8.320139386341907e-06,0.00011385342077119276,7.964868366165294e-58
247,droplet,3m,21m,female,Marrow,Aspm,-2.3462276458740234,2.956873686343897e-05,5.8149753385805525e-06,9.53025373746641e-05,3.263396880567642e-29
248,droplet,3m,21m,female,Marrow,Hnrnpul1,-2.3422656059265137,3.257799835409969e-05,6.424393632187275e-06,6.976815348025411e-05,1.9288403362665372e-54
249,droplet,3m,21m,female,Marrow,Sowaha,-2.3421146869659424,2.1742125682067126e-05,4.2880037653958425e-06,0.00011858337529702112,1.0633596001132752e-08
250,droplet,3m,21m,female,Liver,Vasp,2.33366322517395,2.0007357306894846e-05,0.00010085383109981194,0.00020294512796681374,7.378936653534966e-08
251,droplet,3m,21m,female,Liver,Sult2a2,2.3291709423065186,0.00012905265612062067,0.0006485108169727027,0.001027552643790841,4.155478711279737e-15
252,droplet,3m,21m,female,Mammary_Gland,Rai2,2.3279552459716797,2.2495748908113455e-06,1.1294967407593504e-05,4.562903995974921e-05,2.5610343552363366e-08
253,droplet,3m,21m,female,Spleen,Nrp2,2.318413496017456,3.3432902455388103e-06,1.667577998887282e-05,6.438134732889012e-05,1.0823605278953882e-17
254,droplet,3m,21m,female,Spleen,Itgax,2.3167567253112793,7.286050731636351e-06,3.629990533227101e-05,0.00012875102402176708,3.0307055073882182e-40
255,droplet,3m,21m,female,Limb_Muscle,Hmha1,-2.316746234893799,9.651963046053424e-05,1.937338493007701e-05,0.0002593333483673632,5.635131987573969e-52
256,droplet,3m,21m,female,Kidney,Aadat,2.3123457431793213,0.00011650807573460042,0.0005786839756183326,0.0018906621262431145,2.937274617319839e-17
257,droplet,3m,21m,female,Mammary_Gland,Adh1,2.3074188232421875,3.0848827918816824e-06,1.5270068615791388e-05,6.127006781753153e-05,2.3053537743770066e-13
258,droplet,3m,21m,female,Spleen,Ly6c1,-2.305532932281494,1.9892964701284654e-05,4.024064310215181e-06,0.00011829285358544439,1.8593641196874612e-09
259,droplet,3m,21m,female,Spleen,Sdc1,2.304431438446045,3.968249529862078e-06,1.9602075553848408e-05,0.00010733758972492069,3.9887159516587245e-13
260,droplet,3m,21m,female,Marrow,Ube2o,-2.2979025840759277,2.876734288292937e-05,5.850084562553093e-06,0.0001021186908474192,2.5909429942717074e-23
261,droplet,3m,21m,female,Kidney,Figf,2.2974400520324707,4.975426691089524e-06,2.445844074827619e-05,0.00011981950228800997,6.164093536488705e-06
262,droplet,3m,21m,female,Marrow,Cecr2,-2.294642925262451,1.7073371054721065e-05,3.4798688375303755e-06,7.273570372490212e-05,1.779192168101023e-11
263,droplet,3m,21m,female,Mammary_Gland,Gpnmb,2.2897958755493164,5.967603101453278e-06,2.9180800993344747e-05,0.00010715545795392245,5.059277424465196e-27
264,droplet,3m,21m,female,Marrow,Spna1,-2.28973126411438,2.2117705157143064e-05,4.523370989772957e-06,9.77015879470855e-05,2.6641238138707235e-13
265,droplet,3m,21m,female,Limb_Muscle,Ms4a1,-2.288405179977417,3.304767233203165e-05,6.764912996004568e-06,0.00015356235962826759,4.5350341591714686e-13
266,droplet,3m,21m,female,Marrow,Tfdp2,-2.281505584716797,9.845506428973749e-05,2.025053254328668e-05,0.00029875707696191967,5.644268196951513e-43
267,droplet,3m,21m,female,Spleen,Plscr1,2.275789976119995,1.124727805290604e-05,5.446638533612713e-05,0.0001359983580186963,2.3333662028086123e-83
268,droplet,3m,21m,female,Marrow,Tnfrsf13b,-2.2695817947387695,1.3100892829243094e-05,2.7169930945092347e-06,4.44592151325196e-05,1.317228475799672e-10
269,droplet,3m,21m,female,Marrow,Asprv1,2.268284320831299,6.334051704470767e-06,3.0514287573168986e-05,0.00018201523926109076,2.1184462192399488e-12
270,droplet,3m,21m,female,Limb_Muscle,H2-Oa,-2.267314910888672,4.5274948206497356e-05,9.40433528739959e-06,0.00018198025645688176,7.93850461509226e-20
271,droplet,3m,21m,female,Mammary_Gland,Nsg1,2.2651572227478027,3.4235367820656393e-06,1.6457177480333485e-05,5.708773824153468e-05,6.186704730788223e-17
272,droplet,3m,21m,female,Lung,Gm5506,-2.2626585960388184,6.662370287813246e-05,1.3883553947380278e-05,0.00012922626046929508,1.702592402323386e-38
273,droplet,3m,21m,female,Liver,Rn45s,-2.2591397762298584,0.006955366116017103,0.0014529515756294131,0.01342978049069643,9.365704476488552e-17
274,droplet,3m,21m,female,Limb_Muscle,H2-Ob,-2.2548508644104004,5.899107418372296e-05,1.235971740243258e-05,0.00021825451403856277,9.763717759612613e-25
275,droplet,3m,21m,female,Spleen,Zfyve21,2.2532193660736084,3.9741948967275675e-06,1.8946799173136242e-05,7.404194184346125e-05,4.770215541566206e-20
276,droplet,3m,21m,female,Limb_Muscle,Gpr171,-2.252708911895752,2.8163347451481968e-05,5.90950776313548e-06,0.00012301353854127228,3.752288473005053e-13
277,droplet,3m,21m,female,Spleen,Elk4,-2.248961925506592,1.5661211364204064e-05,3.2947332329058554e-06,6.473938992712647e-05,8.356911140460044e-13
278,droplet,3m,21m,female,Limb_Muscle,Hcst,-2.2448372840881348,5.267483720672317e-05,1.1113217624370009e-05,0.0001874983572633937,1.3811108365769361e-25
279,droplet,3m,21m,female,Liver,Ucp2,2.2412831783294678,4.0253209590446204e-05,0.00019032419368159026,0.0004038242332171649,4.60124434414535e-06
280,droplet,3m,21m,female,Kidney,Inmt,-2.2412078380584717,0.0001382367336191237,2.9238335628178902e-05,0.0002710584958549589,2.887700443570963e-32
281,droplet,3m,21m,female,Marrow,Fosb,-2.2359910011291504,0.00010712548100855201,2.2740099666407332e-05,0.00016901698836591095,4.4785400721197767e-147
282,droplet,3m,21m,female,Spleen,Tnfsf8,2.2304883003234863,1.2358991625660565e-05,5.799985956400633e-05,0.00030388461891561747,3.721998335797098e-24
283,droplet,3m,21m,female,Spleen,Sh2d1b1,2.2256691455841064,3.731806828000117e-06,1.745470035530161e-05,6.791052146581933e-05,3.630379843846193e-17
284,droplet,3m,21m,female,Marrow,Ccnd1,-2.2244038581848145,3.084472336922772e-05,6.600373126275372e-06,0.00014282007759902626,1.4223720847596652e-13
285,droplet,3m,21m,female,Spleen,Gm4759,-2.2208809852600098,3.775469303946011e-05,8.09877019491978e-06,0.00010612952610244974,2.0032819159914933e-47
286,droplet,3m,21m,female,Limb_Muscle,Pou2af1,-2.2197775840759277,2.442507684463635e-05,5.243439318292076e-06,0.00012451180373318493,1.89756791940128e-09
287,droplet,3m,21m,female,Liver,Rpl34,2.2168869972229004,1.631158920645248e-05,7.583082333439961e-05,0.00016026609227992594,2.3085171308869867e-06
288,droplet,3m,21m,female,Marrow,Slfn5,-2.2154273986816406,4.771260137204081e-05,1.027360758598661e-05,0.0001802089682314545,5.592350966031357e-24
289,droplet,3m,21m,female,Lung,Gzmm,2.212829351425171,6.0161823967064265e-06,2.7890033379662782e-05,0.00015081732999533415,1.080530381337416e-06
290,droplet,3m,21m,female,Limb_Muscle,Cxcr5,-2.2117879390716553,1.600042378413491e-05,3.453956878729514e-06,8.6398416897282e-05,3.1482724647574495e-06
291,droplet,3m,21m,female,Marrow,Cd2ap,-2.2079243659973145,3.718970401678234e-05,8.049542884691618e-06,8.993016672320664e-05,1.2683188277548868e-47
292,droplet,3m,21m,female,Spleen,Sec24d,2.207470655441284,2.5292863483628025e-06,1.1681887372105848e-05,5.624421464744955e-05,1.1465706233487996e-07
293,droplet,3m,21m,female,Spleen,1700026L06Rik,2.2071268558502197,3.0315150070236996e-06,1.3998169379192404e-05,5.9990608860971406e-05,2.2166705423156273e-11
294,droplet,3m,21m,female,Mammary_Gland,5031426D15Rik,2.205634593963623,6.870680408610497e-06,3.169289993820712e-05,9.074188710656017e-05,2.649535334403155e-40
295,droplet,3m,21m,female,Spleen,Cct6a,-2.204146146774292,4.474345041671768e-05,9.709912774269469e-06,0.00010725542961154133,7.721280134530441e-66
296,droplet,3m,21m,female,Marrow,Trip11,-2.198185682296753,3.0781200621277094e-05,6.70757708576275e-06,7.067033584462479e-05,2.3720648555116794e-44
297,droplet,3m,21m,female,Kidney,Slc22a13,2.1957106590270996,1.1912925401702523e-05,5.457493898575194e-05,0.00022698943212162703,2.4783638199970906e-08
298,droplet,3m,21m,female,Mammary_Gland,Smpd3,2.1946985721588135,1.8306651327293366e-05,8.380675717489794e-05,0.00040722714038565755,6.790042831697328e-20
299,droplet,3m,21m,female,Spleen,Tbx21,2.1937220096588135,8.407618224737234e-06,3.846352774417028e-05,0.0001125000198953785,2.972406062074311e-51
300,droplet,3m,21m,female,Liver,Ces3a,-2.1931376457214355,0.0007210442563518882,0.00015767458535265177,0.0005641700117848814,3.5885849853497508e-96
301,droplet,3m,21m,female,Marrow,Mef2a,-2.191302537918091,2.7108982976642437e-05,5.935610715823714e-06,6.932279939064756e-05,1.4323951465091966e-34
302,droplet,3m,21m,female,Liver,Wdr89,2.185037136077881,4.3930554966209456e-05,0.000199769128812477,0.000324225053191185,8.942115665802782e-14
303,droplet,3m,21m,female,Marrow,Hba-a2,-2.181391716003418,0.0003070473612751812,6.769257743144408e-05,0.0010018334724009037,7.477877152824807e-36
304,droplet,3m,21m,female,Limb_Muscle,Epsti1,-2.1809487342834473,2.5928766262950376e-05,5.718087777495384e-06,0.00014086629380472004,2.7969558073816313e-09
305,droplet,3m,21m,female,Marrow,Lifr,-2.1788673400878906,1.3656434930453543e-05,3.0160099413478747e-06,5.9931640862487257e-05,6.952858150243145e-08
306,droplet,3m,21m,female,Mammary_Gland,Ehd2,2.17803955078125,7.692709914408624e-06,3.4812452213373035e-05,8.695708675077185e-05,4.358810537462562e-52
307,droplet,3m,21m,female,Marrow,Rsad2,-2.1766176223754883,0.00010718208068283275,2.3708002117928118e-05,0.00048385534319095314,7.56349527978321e-17
308,droplet,3m,21m,female,Mammary_Gland,Uchl1,2.171950578689575,2.6497405087866355e-06,1.1940587683056947e-05,5.938924732618034e-05,1.0720677213855448e-06
309,droplet,3m,21m,female,Spleen,Adora2a,2.171095609664917,8.3696395449806e-06,3.769395698327571e-05,0.00010766353807412088,9.549966879128774e-53
310,droplet,3m,21m,female,Lung,Rps19-ps3,-2.1705222129821777,6.491927342722192e-05,1.4420533261727542e-05,0.00013217322702985257,1.5112820662104295e-33
311,droplet,3m,21m,female,Marrow,Hist1h1e,-2.165416717529297,0.0003098185989074409,6.90640663378872e-05,0.0005921815754845738,9.548915497804581e-117
312,droplet,3m,21m,female,Spleen,Bambi-ps1,-2.1622695922851562,1.3898094039177522e-05,3.104896450167871e-06,8.027915464481339e-05,2.007382214772981e-06
313,droplet,3m,21m,female,Spleen,Mgmt,2.158132314682007,3.252144097132259e-06,1.4515514521917794e-05,7.012664718786255e-05,1.4457587537982475e-10
314,droplet,3m,21m,female,Heart_and_Aorta,Zbtb38,-2.1566505432128906,3.9774724427843466e-05,8.92052958079148e-06,8.610392978880554e-05,3.940887816557128e-09
315,droplet,3m,21m,female,Mammary_Gland,Ildr2,2.1516027450561523,2.4864366423571482e-06,1.104776583815692e-05,5.081181006971747e-05,3.0114136789441926e-06
316,droplet,3m,21m,female,Marrow,Ermap,-2.150989532470703,3.264090628363192e-05,7.349364295805572e-06,0.0001435163721907884,4.600160168223028e-15
317,droplet,3m,21m,female,Thymus,Cd79a,2.1355667114257812,3.3279335184488446e-05,0.00014623261813540012,0.0006682724924758077,7.269900325016826e-08
318,droplet,3m,21m,female,Mammary_Gland,Sfrp1,2.133866786956787,1.0657079656084534e-05,4.677309698308818e-05,0.00016118635539896786,2.6705686985100647e-35
319,droplet,3m,21m,female,Marrow,Xpo7,-2.129497766494751,7.460809138137847e-05,1.7050739188562147e-05,0.0003323326527606696,2.6667031149602947e-17
320,droplet,3m,21m,female,Spleen,Gng12,2.124950885772705,9.553253221383784e-06,4.167016959399916e-05,0.00010947894770652056,2.134806357793079e-62
321,droplet,3m,21m,female,Marrow,Hbb-b2,-2.124669075012207,0.0009824333246797323,0.00022527547844219953,0.0030869790352880955,6.483158400857381e-38
322,droplet,3m,21m,female,Spleen,Cr2,-2.1229634284973145,0.0002619062433950603,6.012708763591945e-05,0.00039167050272226334,9.8965888981443e-220
323,droplet,3m,21m,female,Kidney,Scd1,2.1225106716156006,3.651949737104587e-05,0.0001590245374245569,0.0005594429094344378,1.1078949409150285e-11
324,droplet,3m,21m,female,Spleen,Nrp1,2.12239146232605,6.364391992974561e-06,2.7711523216567002e-05,0.00012742332182824612,2.072843141912909e-20
325,droplet,3m,21m,female,Mammary_Gland,Trib3,-2.1223816871643066,1.3709807717532385e-05,3.1486956686421763e-06,5.210675954003818e-05,1.1915935193219217e-10
326,droplet,3m,21m,female,Mammary_Gland,D630033O11Rik,2.121846914291382,5.976630745863076e-06,2.6013332899310626e-05,0.0001074369065463543,4.7409930410918697e-20
327,droplet,3m,21m,female,Liver,Cyp2a22,2.1210970878601074,1.6857862647157162e-05,7.333586108870804e-05,0.00013016101729590446,2.272245194283417e-09
328,droplet,3m,21m,female,Marrow,Nrip1,-2.1193108558654785,1.2764468920067884e-05,2.9378290946624475e-06,4.614200224750675e-05,9.226406182580048e-09
329,droplet,3m,21m,female,Mammary_Gland,Lrrn4cl,2.1138126850128174,1.8271315639140084e-05,7.908441330073401e-05,0.00020014912297483534,5.168205653925548e-71
330,droplet,3m,21m,female,Marrow,Cep350,-2.113495111465454,2.9769080356345512e-05,6.879231932543917e-06,6.381949788192287e-05,1.403328863218834e-44
331,droplet,3m,21m,female,Marrow,Chd9,-2.113147020339966,3.389318590052426e-05,7.834146344976034e-06,7.47850863263011e-05,1.456725143604675e-48
332,droplet,3m,21m,female,Marrow,2610018G03Rik,-2.111337423324585,1.645545125938952e-05,3.8083237541286508e-06,4.3498559534782544e-05,9.115081736243314e-18
333,droplet,3m,21m,female,Heart_and_Aorta,Hist1h1e,-2.1094582080841064,5.518281614058651e-05,1.2787735613528639e-05,0.00012296320346649736,2.1513865283764044e-08
334,droplet,3m,21m,female,Spleen,Csprs,2.1054651737213135,1.189452814287506e-05,5.118650369695388e-05,0.00012074870028300211,1.5949707926746254e-81
335,droplet,3m,21m,female,Marrow,Runx2,-2.105452060699463,6.447459600167349e-05,1.4982501852500718e-05,0.0002305373636772856,5.2033207504617555e-27
336,droplet,3m,21m,female,Mammary_Gland,2610019F03Rik,-2.1047472953796387,2.5098803234868683e-05,5.835268893861212e-06,8.628949581179768e-05,7.750368834989777e-24
337,droplet,3m,21m,female,Mammary_Gland,Bend4,-2.1044600009918213,1.7921227481565438e-05,4.167370661889436e-06,7.499523781007156e-05,4.214049609990853e-13
338,droplet,3m,21m,female,Limb_Muscle,Tspan32,-2.1040637493133545,1.860098564065993e-05,4.326628186390735e-06,9.089511149795726e-05,1.3701270102049313e-08
339,droplet,3m,21m,female,Mammary_Gland,Ltc4s,2.0985476970672607,7.061748874548357e-06,3.0243920264183544e-05,0.0001842500059865415,6.357909025920674e-10
340,droplet,3m,21m,female,Lung,Gm6251,-2.098500967025757,0.00013114471221342683,3.062238829443231e-05,0.000191779006854631,5.254568328899629e-69
341,droplet,3m,21m,female,Spleen,App,2.0983896255493164,4.762991466122912e-06,2.039661558228545e-05,7.342472235905007e-05,5.699606613509372e-22
342,droplet,3m,21m,female,Marrow,Frmd4a,-2.093339204788208,1.2189369954285212e-05,2.8564277272380423e-06,5.05474308738485e-05,5.23229170914346e-07
343,droplet,3m,21m,female,Lung,A530032D15Rik,2.091871738433838,5.329733085090993e-06,2.2720698325429112e-05,9.023507300298661e-05,5.247044548852481e-10
344,droplet,3m,21m,female,Marrow,Stfa2l1,2.0894503593444824,2.4156024664989673e-05,0.00010280463902745396,0.0006208706181496382,1.5775483559651978e-11
345,droplet,3m,21m,female,Marrow,Cdr2,-2.086179494857788,1.8934966647066176e-05,4.459250703803264e-06,7.759939035167918e-05,4.880934159705508e-12
346,droplet,3m,21m,female,Mammary_Gland,Tmem100,2.0842535495758057,1.4060417925065849e-05,5.962399882264435e-05,0.00019671197514981031,3.7150299774548784e-38
347,droplet,3m,21m,female,Limb_Muscle,Rac2,-2.0791053771972656,0.00016125597176142037,3.816301978076808e-05,0.00038269307697191834,2.446747231580512e-61
348,droplet,3m,21m,female,Mammary_Gland,Aif1l,2.0786428451538086,5.8483033171796706e-06,2.470379877195228e-05,9.96116068563424e-05,8.312710042097201e-20
349,droplet,3m,21m,female,Liver,Ces3b,-2.0765295028686523,0.00023481165408156812,5.5670097935944796e-05,0.00025169530999846756,3.801410771053197e-43
350,droplet,3m,21m,female,Mammary_Gland,Cgref1,-2.0743680000305176,1.1353907211741898e-05,2.6958655325870495e-06,5.377474008128047e-05,4.964897197387289e-06
351,droplet,3m,21m,female,Marrow,Casp3,-2.068039894104004,1.467602214688668e-05,3.49998549609154e-06,4.478227492654696e-05,1.280590531967672e-12
352,droplet,3m,21m,female,Spleen,Zeb2,2.067957639694214,1.5109718333405908e-05,6.335394573397934e-05,0.00015759037341922522,4.930944342940539e-81
353,droplet,3m,21m,female,Marrow,Hist1h3c,-2.0641591548919678,2.614333243400324e-05,6.251540526136523e-06,8.57068516779691e-05,6.331287725203772e-23
354,droplet,3m,21m,female,Marrow,Dhx9,-2.06313157081604,4.3236232158960775e-05,1.0346258022764232e-05,8.027868170756847e-05,1.1230877864168603e-71
355,droplet,3m,21m,female,Liver,Gm6251,2.0572354793548584,1.426205471943831e-05,5.935696390224621e-05,0.0001209253678098321,4.417947873149372e-06
356,droplet,3m,21m,female,Mammary_Gland,Creb5,2.0557069778442383,1.9571278244256973e-05,8.136707037920132e-05,0.00017129984917119145,2.1458992751209942e-94
357,droplet,3m,21m,female,Spleen,Myof,-2.054861545562744,1.775513192114886e-05,4.273157628631452e-06,6.79135846439749e-05,7.13934999251508e-15
358,droplet,3m,21m,female,Marrow,Ifi203,-2.054473876953125,0.0001219286787090823,2.9352668207138777e-05,0.00024142801703419536,1.1324142271621684e-92
359,droplet,3m,21m,female,Spleen,Tmem108,-2.0532758235931396,4.890684795100242e-05,1.1783438822021708e-05,0.0001256315445061773,5.78886183286635e-57
360,droplet,3m,21m,female,Mammary_Gland,Tnxb,2.051941156387329,3.351001214468852e-05,0.00013895380834583193,0.00029125428409315646,1.2454105202179028e-104
361,droplet,3m,21m,female,Marrow,Pcm1,-2.0482420921325684,5.258765668259002e-05,1.27145631267922e-05,9.156671876553446e-05,1.5995873127122533e-88
362,droplet,3m,21m,female,Spleen,Phactr2,2.0461883544921875,3.313283286843216e-06,1.3684303667105269e-05,6.0229431255720556e-05,5.207676884846275e-10
363,droplet,3m,21m,female,Limb_Muscle,Ly6d,-2.045870065689087,0.00011458894732641056,2.7750733352149837e-05,0.0005112890503369272,2.279263715917304e-13
364,droplet,3m,21m,female,Mammary_Gland,Csf3,-2.0441901683807373,0.00019533306476660073,4.7360164899146184e-05,0.001133828074671328,1.960707461277221e-11
365,droplet,3m,21m,female,Liver,2810007J24Rik,-2.0392088890075684,0.000704447622410953,0.00017139007104560733,0.0005231795948930085,3.0964811675175682e-83
366,droplet,3m,21m,female,Marrow,Zbed6,-2.033069610595703,1.3191258403821848e-05,3.2230807391897542e-06,4.324455221649259e-05,8.229295189550846e-10
367,droplet,3m,21m,female,Spleen,Ng23,2.0329785346984863,6.315000064205378e-06,2.5844072297331877e-05,8.702721970621496e-05,5.556009050904018e-29
368,droplet,3m,21m,female,Kidney,Napsa,2.0314176082611084,0.000433437671745196,0.0017719207098707557,0.005960766226053238,5.829312083204552e-17
369,droplet,3m,21m,female,Liver,Psmb9,2.0300981998443604,2.1319821826182306e-05,8.707711822353303e-05,0.00017722779011819512,4.199378040938753e-06
370,droplet,3m,21m,female,Limb_Muscle,Arhgap9,-2.0284459590911865,1.4161007129587233e-05,3.471130867183092e-06,6.526518700411543e-05,8.139938887929591e-07
371,droplet,3m,21m,female,Mammary_Gland,BC064078,2.0265145301818848,3.084496256633429e-06,1.2566836630867328e-05,4.835136132896878e-05,8.909550373820826e-09
372,droplet,3m,21m,female,Limb_Muscle,Slc7a5,2.025385618209839,3.875032689393265e-06,1.5775285646668635e-05,5.971455539111048e-05,2.5659779152283155e-10
373,droplet,3m,21m,female,Kidney,Arg2,2.025075912475586,5.484126631927211e-06,2.2321124561131e-05,9.3518101493828e-05,2.3385509839826316e-06
374,droplet,3m,21m,female,Marrow,Pds5a,-2.0246095657348633,1.8767783330986276e-05,4.612588782038074e-06,4.926870678900741e-05,2.7627818678161035e-20
375,droplet,3m,21m,female,Marrow,Mki67,-2.023078203201294,0.00031893092091195285,7.846741937100887e-05,0.000628966314252466,4.5299831255057776e-100
376,droplet,3m,21m,female,Marrow,Prrc2c,-2.022040843963623,0.00013620695972349495,3.353546708240174e-05,0.00016618119843769819,1.024214132149909e-222
377,droplet,3m,21m,female,Liver,Psmb8,2.019287109375,5.130816498422064e-05,0.00020799481717403978,0.00036742567317560315,4.9300629189229e-10
378,droplet,3m,21m,female,Liver,Cyp7b1,-2.0190374851226807,8.731742127565667e-05,2.1543191905948333e-05,0.00015371240442618728,6.592971643671624e-14
379,droplet,3m,21m,female,Marrow,Tfrc,-2.018707036972046,6.444138853112236e-05,1.5902794984867796e-05,0.0002092351351166144,1.207882834746371e-31
380,droplet,3m,21m,female,Spleen,Itgam,2.0185532569885254,5.967651759419823e-06,2.417956966382917e-05,9.012801456265152e-05,3.837976062560754e-22
381,droplet,3m,21m,female,Spleen,R74862,2.0151398181915283,3.959790774388239e-06,1.600625728315208e-05,6.886638584546745e-05,1.0235289706568322e-12
382,droplet,3m,21m,female,Spleen,A430084P05Rik,2.014291524887085,2.442939512548037e-05,9.869039058685303e-05,0.00020272978872526437,5.688803205573099e-126
383,droplet,3m,21m,female,Marrow,A630007B06Rik,-2.0060877799987793,1.467247238906566e-05,3.6526716939988546e-06,4.565159906633198e-05,4.759022166696999e-12
384,droplet,3m,21m,female,Mammary_Gland,Gzmm,2.004747152328491,4.168498435319634e-06,1.6728950868127868e-05,0.00010113280586665496,2.47827323747454e-06
385,droplet,3m,21m,female,Spleen,Bmp2k,-2.0042760372161865,3.419432323426008e-05,8.5232795754564e-06,9.581464837538078e-05,9.108449952996688e-40
